"","year","region","cancer","reproductive","religion","business","marriage","arts","migration","rape","war","literature","personal","rights","politics","sports","fashion","doc.number","n.words","n"
"1",1980,"Africa",0.00607276643107914,0.137862895864857,0.00752490825666029,0.165953179207558,0.0344505004711205,0.0120714020151973,0.244761370319352,0.0271241888259116,0.0181804333480128,0.0027716157429546,0.0818024773042815,0.108149346303519,0.0714677666698333,0.00853143572451104,0.0732757135151517,19840,1979,5
"2",1980,"Asia",0.00252431319540294,0.0220308228269715,0.0143591346402533,0.11311800342519,0.141081731575419,0.0478725057649516,0.0759131452068274,0.0654475813108085,0.0202554005526414,0.0270763702196912,0.100783875237271,0.0869274929972249,0.0959534562690767,0.0110909881695306,0.17556517860874,61105,5188,17
"3",1980,"EECA",0.0302478155847762,0.0127376167674545,0.00787275186559014,0.0489181530806761,0.137871550609978,0.0250796091127039,0.0638756557898317,0.0272324654082662,0.019724201916747,0.182230791760674,0.126250163604567,0.129113336787118,0.147372214184605,0.00997320754897481,0.0315004659780379,25790,1917,7
"4",1980,"LA",0.00802576402981597,0.0374323118489647,0.0243876111872174,0.0609609284839713,0.091940207705568,0.0229490856356172,0.0400437767269364,0.030540669129292,0.0700802409918375,0.0226050073249835,0.119022915964122,0.115991581014127,0.284602994217419,0.00923891775785547,0.0621779879822715,37754,2389,10
"5",1980,"MENA",0.00111245320776833,0.0127541829451759,0.135276861682136,0.0532478875936303,0.0434694236806454,0.0077886096277404,0.010301077887312,0.02172077123677,0.214055341206933,0.0124427497347054,0.0700073978600447,0.107139482437359,0.294581358960452,0.0031965650454031,0.0129058368939236,62773,4901,16
"6",1980,"West",0.0670794161937167,0.0228143146208695,0.0116654824317775,0.077733810969624,0.0772126784716531,0.0540296349664919,0.0333427480640831,0.0255594403646799,0.00877694328760518,0.250356433216434,0.121539333172736,0.106111192368076,0.105585950634515,0.0218887742237806,0.016303847013958,90799,7394,24
"7",1981,"Africa",0.00143551019310812,0.0774516981888688,0.00695932403354846,0.0918456520594719,0.122611559683203,0.00605476737487494,0.0627103755919056,0.0149791480908957,0.00653124740858172,0.220455968118279,0.110387339499006,0.252696654913056,0.0198042567128206,0.000879064605161074,0.00519743352721809,8756,705,2
"8",1981,"Asia",0.0833737900521721,0.044720172868037,0.0199805769403238,0.117396008351897,0.0557419591664513,0.271774757832854,0.0303263898804103,0.027385003607922,0.0109256562285351,0.0583800388830161,0.0733459012618493,0.0953036472388511,0.0330666074086686,0.0197379459389741,0.0585415443400389,66797,5640,19
"9",1981,"EECA",0.00325742165472788,0.0223419203301259,0.00814522783343982,0.105765864042665,0.107659725777696,0.0206454936163934,0.064264139588113,0.00580476909756575,0.0137228914626608,0.242518569258045,0.0977259864271109,0.104196929174285,0.169705442425029,0.0200050054128309,0.0142406138993118,37318,4198,10
"10",1981,"LA",0.00234236117229075,0.0126198146566513,0.0228667321704096,0.118886943130384,0.115963618734505,0.0209848787174682,0.0705707352048527,0.21930520751875,0.0347102629263084,0.0648366496171577,0.0527492131705506,0.0863204541344278,0.075315496102933,0.00761381118280478,0.0949138215605067,18825,2418,5
"11",1981,"MENA",0.0690160943766003,0.00942336387108771,0.109146269301716,0.0783321584061432,0.088204585367928,0.0287450471551026,0.0417398771778579,0.0470828115575921,0.0987903683023009,0.0120260438698495,0.119468621786221,0.110193810014542,0.0791349864602771,0.0757472128776555,0.0329487494751266,31512,3125,9
"12",1981,"West",0.0541570347249367,0.0119027160378682,0.0414170516744428,0.0957492307692585,0.0444251085544463,0.0495989551913715,0.0209285849574853,0.0504604668880879,0.0205239868981928,0.145377598419948,0.124018356645487,0.0908223328792115,0.0957651349406692,0.085674005392018,0.0691794360265769,134346,12423,39
"13",1982,"Africa",0.00176685456788524,0.0543860124911745,0.00894995485861348,0.0144529204581849,0.0586956488151854,0.046001606922884,0.108845457576685,0.0427473366549296,0.0419062555065841,0.226461421012074,0.0283658248545027,0.24751134947328,0.11228265466791,0.000471550208328585,0.00715515193177855,7465,253,2
"14",1982,"Asia",0.0191743028044964,0.0509563652806575,0.00151444047319614,0.100990467191245,0.0975744857735416,0.0534447476493113,0.0696868683596079,0.00456335479307532,0.00468764727513243,0.0432577640879503,0.114079605246522,0.0543323314973983,0.0136993659958108,0.00874979500397851,0.363288458568076,62239,7046,17
"15",1982,"EECA",0.00604777879430284,0.00330709600341826,0.00225813045800062,0.0284555091670881,0.0581301754324552,0.0540427121017129,0.0163738924556286,0.0127271060645952,0.175642662930717,0.366923251446815,0.0903566799061113,0.0241011452404911,0.0947663704600469,0.00376972053576009,0.0630977690028573,21011,1510,6
"16",1982,"LA",0.00263923221206476,0.0396706396140244,0.0386022854815804,0.110949250387999,0.0415152159003707,0.0558596591487464,0.249548465636602,0.0305928788319191,0.0183516024875881,0.0232992388650585,0.0506046077612475,0.0802590737675291,0.171653058209613,0.0283858252721645,0.0580689664234936,34866,1571,9
"17",1982,"MENA",0.00300472958662898,0.0480144381079821,0.119308055015905,0.0948108446443775,0.0712726923845218,0.00362388256580653,0.0630060510262725,0.0300237456847594,0.132272622912677,0.0399439690137802,0.100575389208268,0.164672371387592,0.0810311608879702,0.00130685600932929,0.0471331915641296,49999,4698,14
"18",1982,"West",0.113548955806036,0.0156934855276542,0.00395017458518792,0.103829502230813,0.0767490322149637,0.0409445866792981,0.0162780435884191,0.027676033294959,0.00635403998837376,0.0756396732746652,0.114788136662575,0.0438841593669529,0.0392825873602655,0.0827856308048802,0.238595958614957,102361,8684,30
"19",1983,"Africa",0.00439660981266711,0.0290919503877292,0.00739792472593202,0.0121132099644835,0.105364127427239,0.067459798114657,0.0347525336052219,0.10743143852754,0.00698926899957842,0.0687870619909388,0.113190506099906,0.0869533133048116,0.102561360736813,0.183014228645216,0.0704966676572665,22333,2324,6
"20",1983,"Asia",0.00429658768604806,0.0776181362669116,0.0210914210157138,0.330865280167848,0.0819475802415901,0.0044861405472355,0.0856361453954616,0.0508774291984191,0.0262221743336356,0.0443451867976253,0.0955478826115607,0.105326718412772,0.0550774774850726,0.00543045300043076,0.0112313868396745,44838,5712,12
"21",1983,"EECA",0.0183818539849918,0.319063740115157,0.0799938341251146,0.0100510359438267,0.1416058775603,0.00881475114880032,0.0974462149077965,0.0449050902013852,0.0634483503394218,0.0346978709997503,0.105513027541486,0.0238977395047977,0.0474677687516023,0.00137434367198785,0.0033385012035815,13898,739,4
"22",1983,"LA",0.00315295512716808,0.00696919209591182,0.00572187993333199,0.035571731269162,0.0869655963687984,0.0221257444436207,0.123705066816251,0.0814121328357553,0.0795456235724585,0.0739572537976468,0.141844483229118,0.0917047545116966,0.0929754966311042,0.0304084899053374,0.123939599462639,24434,2888,7
"23",1983,"MENA",0.00123231127755863,0.00258516692278282,0.0385537291321321,0.00862892863350201,0.046351041996383,0.115768420672466,0.079134435974053,0.0102579528766782,0.0840934223714064,0.204333623227799,0.119053851576173,0.0387119454478275,0.183714116138982,0.0425501405820085,0.0250309131702488,14601,762,4
"24",1983,"West",0.0540331149381106,0.00730823391029784,0.0181531435585613,0.0398166121452297,0.0616334892701823,0.0559239567470787,0.0343200846739818,0.0136497779607659,0.0298895216075701,0.158767540079544,0.118208655856494,0.0679708175286546,0.0665432106285578,0.0732399092776465,0.200541931817324,99153,9227,28
"25",1984,"Africa",0.00232234664508406,0.0395728654913835,0.0221423132457,0.0273605361200298,0.0454758315542589,0.130911335434457,0.0314799951260874,0.0412494288200005,0.0656966446757396,0.127316248745966,0.0413038235216847,0.0739832953281117,0.244148963818001,0.0124786321101942,0.0945577393633014,22613,637,6
"26",1984,"Asia",0.0170708512915219,0.0164227999521124,0.003301748664652,0.186536427895838,0.141544123434136,0.0754805517115398,0.0381878255638252,0.0557680899498174,0.00182686375401626,0.11902993082141,0.0816470280554416,0.0884720081722227,0.0626870582626218,0.0328557271575827,0.0791689653132628,35323,5580,10
"27",1984,"EECA",0.00190669114368087,0.0154370903125667,0.0156984255342662,0.0244316579256056,0.0764928202771585,0.0470715295614649,0.0210066387641604,0.0122052681668989,0.00472079086927282,0.387887204996428,0.141336868317482,0.0969068832677878,0.15107745924348,0.00141236540889614,0.00240830621085158,7036,1133,2
"28",1984,"LA",0.00484750084365387,0.0500122455004149,0.00303531014159876,0.0315191654452043,0.0631187575970997,0.0239222987173614,0.0365704441045898,0.0219072982982527,0.0315369979524613,0.00718602116672186,0.024434651525947,0.143540912000404,0.115051712843842,0.439570745774413,0.00374593808803505,14259,450,4
"29",1984,"MENA",0.015626506897217,0.0122532425269965,0.042641452392166,0.0673183963647071,0.0241517092897365,0.00857905714837281,0.0729674158885555,0.0400927409294123,0.0535879245638343,0.0124083027805902,0.094885700689618,0.163527649263152,0.373412189065319,0.0136896748756462,0.00485803732467653,36666,2900,10
"30",1984,"West",0.0422103116501215,0.0132205534328385,0.0392387950669284,0.0923363598731399,0.0473163878208413,0.0374707068954525,0.0462322025818092,0.0254273177637888,0.0189625805623625,0.0888589534429246,0.0857161606015744,0.110281218930831,0.139208648534402,0.0514694141391756,0.16205038870381,101178,9597,27
"31",1985,"Africa",0.0223732537796897,0.118219732557202,0.0447037625044949,0.0564603639142065,0.0606563365329105,0.019838303505363,0.0612312071519587,0.0129660325233128,0.0218131569431204,0.0176436747184874,0.10065764922479,0.129700074025451,0.309085147498814,0.00361639620054541,0.0210349089196529,197993,19761,52
"32",1985,"Asia",0.0166716107103487,0.0677615058454705,0.0202896866841752,0.190138207790399,0.104052607075703,0.0209055778960234,0.0894419682114672,0.0217972561349663,0.032016998152385,0.0754984409251187,0.127002251984903,0.0884429867569303,0.0860207390291771,0.0197201136579637,0.0402400491449691,87528,9877,23
"33",1985,"EECA",0.00505286830858735,0.0287884555123462,0.0108975288553202,0.0341543841425714,0.0943258667642613,0.0251707533526118,0.062732205950243,0.00496195220906901,0.0224587530230656,0.071025131909251,0.138775240522001,0.105856920514996,0.312999247127725,0.0119054179209096,0.0708952738870417,10341,1605,3
"34",1985,"LA",0.223320996151977,0.0154566405472067,0.00730265905651657,0.02946427994286,0.0762322149609459,0.0851214231388692,0.0348433086429531,0.055335722845622,0.0160849336548961,0.147326286104826,0.146674519698447,0.0372656540038393,0.0162935560398794,0.10411083373226,0.00516697147890198,38708,5358,11
"35",1985,"MENA",0.00302899225182967,0.0112706917428004,0.121999663911946,0.0192953580919071,0.108998246997405,0.0119267548633291,0.0422401124193345,0.0175984477356629,0.0918685159925979,0.0515215799061767,0.0558531080062429,0.215480237964302,0.188962575152927,0.00082216980897324,0.0591335451545649,43650,3461,12
"36",1985,"West",0.0159626192412682,0.0165791749819048,0.0241386848221944,0.114274618678422,0.0625253204245313,0.0771910499552183,0.0375611227349003,0.0195696048062954,0.0349315553823653,0.155922480307443,0.111636452383928,0.100116840542308,0.091705144212982,0.057303573085089,0.0805817584411498,118661,11108,32
"37",1986,"Africa",0.0641117035827965,0.037358767639288,0.0206967924622225,0.054047649777364,0.0861496952283149,0.0694208177474318,0.0627832490432626,0.0174532909621017,0.091914261061624,0.0219858893048692,0.0620665481476687,0.133078835372311,0.168388555702416,0.00381927998285677,0.106724663985473,53770,3441,15
"38",1986,"Asia",0.0240214904286915,0.0234315474879448,0.0374362175855029,0.0694041566505779,0.0808407543477273,0.0162167714565697,0.139985930662937,0.0375773231598029,0.0633937166505257,0.0918745890566008,0.0946064209887164,0.114148497887219,0.181630314550427,0.0029092569386927,0.0225230121480638,53042,4396,14
"39",1986,"EECA",0.0509409795764531,0.176945645972474,0.0838916942951826,0.035052704473114,0.133599645255861,0.0367025706104429,0.154556823915978,0.00244562412188737,0.00881803089763616,0.0263780112832308,0.141527131619073,0.0241708645745635,0.0639362015181054,0.00197638999344684,0.059057681892552,16080,1597,4
"40",1986,"LA",0.00201058721114027,0.0259761357525437,0.0413540077669445,0.099947014153852,0.0615132924467447,0.0906043574674238,0.0135354542542445,0.00687702551842644,0.0348438497739769,0.0431962849336824,0.144479415958414,0.12176902722832,0.150952446325865,0.0113334979209624,0.151607603287459,31935,1951,9
"41",1986,"MENA",0.0148336808806461,0.0656607470708199,0.0851928571023877,0.0755830922936958,0.0978313861659103,0.0778419285644752,0.028760368592492,0.00699231988155249,0.0616172111306425,0.0555220409279721,0.114151084041324,0.146190058548218,0.0541990750912151,0.00992797783307816,0.10569617187557,37527,2892,10
"42",1986,"West",0.113552119056954,0.0423129599371673,0.0224034494675105,0.102725268557564,0.0579426587629045,0.033412743681036,0.0139939748976769,0.00946851967627566,0.0102318151705866,0.191417097118349,0.0975534007658076,0.0903023047841222,0.0774006799592013,0.0586441387085173,0.0786388694563261,135512,11651,36
"43",1987,"Africa",0.0501692118139149,0.219100738135215,0.0311124576636534,0.0377647509327572,0.129972576361134,0.0177694518535023,0.0942762458274806,0.0713684827060398,0.0168639020475615,0.0526280754309132,0.054638082495835,0.120778595000282,0.0684228301986702,0.000774357776120677,0.0343602417569191,49304,4009,13
"44",1987,"Asia",0.0472592226533512,0.0592035835042248,0.0175885124080585,0.123916420498252,0.138488139113779,0.0750971447383373,0.0805192977374675,0.0238176279281714,0.0201646024881607,0.178908528392575,0.0659342227401151,0.071410550395063,0.0696427401119193,0.00252920559374559,0.0255202016967802,76848,8822,21
"45",1987,"EECA",0.000880474269746143,0.00211134010083957,0.0029947930834316,0.0494595366557455,0.00739922204909299,0.0605704653224555,0.231274753611627,0.00248720510143082,0.00501322863688464,0.109317332030341,0.0695785801552407,0.0240664535026022,0.0812452147249152,0.00237657411299099,0.351224826642656,4378,402,1
"46",1987,"LA",0.0210320747542531,0.0185678968092742,0.0135492019783139,0.0227376479275431,0.0629793411165564,0.0838202260926572,0.104269626283445,0.0198375343717393,0.0118356562478772,0.0735669033610421,0.0874185023527584,0.062170925265746,0.0752327489184779,0.316764592040908,0.026217122479408,34617,2685,10
"47",1987,"MENA",0.00725922719732142,0.0393114661122998,0.125541440950796,0.0442574313439537,0.0876723252001125,0.0366865329762319,0.0821424175294872,0.0333074987278774,0.0467938033696941,0.124254012749459,0.112599141885061,0.0633656116982089,0.174297797775861,0.00765180796138638,0.0148594845222503,32534,3380,9
"48",1987,"West",0.00469443324359285,0.0229362476073498,0.0303564776564813,0.126597981874953,0.0567877413706038,0.0910593497220098,0.0185965094376078,0.0177173909127933,0.00543145206959656,0.187350475516005,0.108587672225612,0.0981794252304305,0.0928771336526227,0.0675328708370363,0.0712948386433049,99366,8693,28
"49",1988,"Africa",0.00457803433026655,0.13569923932599,0.0330555665362901,0.0292620044201741,0.21881315279366,0.0667747473185811,0.0596619751185275,0.0233414086128432,0.0804470548909548,0.0587714553792223,0.099148927196463,0.055016752553057,0.0805805381869721,0.00593205831268573,0.0489170850243129,24642,2377,7
"50",1988,"Asia",0.0333694019547691,0.059132553472767,0.0323931543310108,0.143167444368446,0.110095368621956,0.0139943121240121,0.138241621269653,0.043613061307416,0.0262535892954174,0.0459790942862002,0.087065885229419,0.0835573175279973,0.0964004965223389,0.0515612073080223,0.0351754923805752,126769,13646,34
"51",1988,"EECA",0.00254264588115398,0.0962036970135502,0.0141106968865993,0.182883709314894,0.149212144005311,0.00216166593439431,0.238997170083618,0.00363419934948102,0.00484499686278902,0.00549728017863923,0.114467309428717,0.0516065193111378,0.122774490765875,0.00784782066519163,0.00321565431864801,3329,412,1
"52",1988,"LA",0.0604533125901591,0.291133440098067,0.017358221441519,0.0943500761446929,0.0125338544993717,0.00934205444963721,0.0383903514167674,0.0292502541239898,0.0525658040739075,0.05702069763722,0.0726565359751503,0.133781208120772,0.12699683705131,0.00203302754769163,0.00213432482974454,17955,2127,5
"53",1988,"MENA",0.000882162806467458,0.0228032162828087,0.169267735347597,0.0240433265838565,0.160684379657029,0.0341816760907154,0.0080590579966256,0.0479613744722259,0.126556164236857,0.105494469859682,0.0950339129316385,0.127475198255479,0.068115517599785,0.00346468020120141,0.00597712767803317,35624,3054,10
"54",1988,"West",0.139333136771543,0.0482531282243289,0.0144823966477569,0.0488949860485771,0.0387408790721112,0.102538039394058,0.0263451810658491,0.0121654752928257,0.00712502389874088,0.144514159830471,0.107585011522853,0.0689018984059013,0.0702529423834801,0.0378894553935757,0.132978286047928,116657,11948,32
"55",1989,"Africa",0.107096043273769,0.0943584351335768,0.0234836800696269,0.0448083523274851,0.124881830200007,0.00462184657009288,0.127274764233329,0.0907756246738402,0.0418191360067504,0.0426203589572161,0.0679657347712939,0.0964370185888116,0.112833238980897,0.00434495153664998,0.016678984676655,28277,3119,8
"56",1989,"Asia",0.00246138466745514,0.0415440064159981,0.0185940081851357,0.0669932501980628,0.0936914221238074,0.0607631238152234,0.0563397400807564,0.0605827677373593,0.0195302000308488,0.113778395864147,0.113788712924338,0.0895121380414479,0.210659687319151,0.0243188206682042,0.0274423419280647,117445,11095,32
"57",1989,"EECA",0.0298513899322507,0.131844912883037,0.0206103333178347,0.0409313532636864,0.118832721032223,0.0439507797189727,0.0874768275352792,0.0331987764996099,0.0422010662808072,0.130430369215647,0.128163990670278,0.0543290622222031,0.108596012479221,0.0181702771161218,0.0114121278328287,32086,2763,8
"58",1989,"LA",0.0125563320827921,0.138217463665337,0.00337483394477418,0.044043187258166,0.0509087770035486,0.0198875010235412,0.0111391600192118,0.00671943968015861,0.010872420499031,0.292740395653278,0.169760902053017,0.0302481635241818,0.0134526013494636,0.188550997330825,0.00752782491267415,14151,755,4
"59",1989,"MENA",0.00101224361711155,0.0113340628506509,0.166883946283691,0.103675916951517,0.0868576756894163,0.083449734261235,0.0390599642111455,0.0343295597384152,0.0338757326032373,0.0151453113069452,0.0638847365620202,0.129094432802897,0.114602582315468,0.0684341507052309,0.048359950101019,25231,2167,7
"60",1989,"West",0.135271252885065,0.0226544969835805,0.0141922290337252,0.121968633788931,0.0669775598265703,0.0605544363300238,0.0316860951741647,0.0308375923284308,0.0341376164586412,0.0762491414942914,0.0993421854723727,0.0675197057413627,0.0682589311536316,0.0441208994843821,0.126229223844827,134973,11759,36
"61",1990,"Africa",0.0776383690658062,0.168642735071854,0.0718063882934845,0.00571936812803636,0.279285201384643,0.0138287087093533,0.0189569482379543,0.0235830859303045,0.0175298753746631,0.0793362978195148,0.110280985278836,0.0512586632946443,0.0331923173696301,0.00430300836113239,0.0446380476801431,4137,4599,7
"62",1990,"Asia",0.00455465153232837,0.0913627464356736,0.0102121581349324,0.0838467650210669,0.115166201752564,0.0149224196552876,0.0560633474668572,0.0161163003858004,0.0299969123828817,0.0784845263806885,0.0991790464895863,0.0721540878351305,0.165952686921812,0.0656286325570622,0.0963595170483285,14807,8115,27
"63",1990,"EECA",0.00515044639561682,0.239158318884824,0.0212744802448882,0.0674057954360246,0.0409045621104828,0.0333989717990944,0.10932887718278,0.0248785729067593,0.0102026519439697,0.100849232175641,0.103347945152702,0.156947251121109,0.0784071881016828,0.00237800586831211,0.00636770067611315,8319,3471,9
"64",1990,"LA",0.0125758007666962,0.103931596276811,0.0114475343324718,0.0338248309589156,0.0601750603760174,0.181159109396832,0.012128029978728,0.00658714981522774,0.0102085786729338,0.236467754090647,0.119056235885082,0.0484281720260903,0.0987201455147745,0.0034388704364637,0.0618511314723085,5199,2811,9
"65",1990,"MENA",0.00420204255000806,0.00990366009523847,0.240616529020045,0.0325414469143371,0.0773802483742591,0.0517828862801893,0.0498528325770374,0.0382371441563471,0.101712586216085,0.0380824238702629,0.0980160314908263,0.10964304445383,0.115380146323983,0.00323715281583317,0.0294118248617175,5663,5039,13
"66",1990,"West",0.0473785687999379,0.0953593052873242,0.0194970658641876,0.0729100209332662,0.0540200686698713,0.0355220758476463,0.0638055094696478,0.0195419839937522,0.0273981576896338,0.104927378956467,0.113787495690561,0.065206810398819,0.154568648503304,0.0794660070098566,0.046610902885725,30286,8641,29
"67",1991,"Africa",0.00260807840016457,0.0625929670222644,0.0503671039229375,0.0731746667282709,0.139771118753305,0.0302565682405833,0.0224537899020341,0.101857826578156,0.0261139876723714,0.0379411041615959,0.108167709020363,0.118311428981697,0.0747711991994421,0.128867453665177,0.0227449977516384,1918,1318,7
"68",1991,"Asia",0.0183495438536676,0.0649364844809562,0.0161501628895051,0.074080085425619,0.143532403571716,0.0624170558006965,0.131349036089839,0.0225922365206516,0.0240562208945503,0.0706042856199524,0.123713068497393,0.0558627762281662,0.0787965217096662,0.0228410325434846,0.0907190858741363,22131,10304,26
"69",1991,"EECA",0.0654774880477501,0.242933189472142,0.0284619755632939,0.0196309470619156,0.0214383360159707,0.131784890968665,0.0144249199570324,0.0121264865019431,0.00976799894287616,0.136334556638865,0.0664692936851772,0.0426407805407984,0.06093101781028,0.132627964473832,0.0149501543194599,778,1750,5
"70",1991,"LA",0.00981488235425988,0.227559266234367,0.0198400561423444,0.00760481182464051,0.0881744149190603,0.00270975006133175,0.148771662510282,0.190343218790033,0.0563890268514755,0.0117095919863574,0.0621606873256961,0.0614114282813834,0.0244539154837903,0.00201458190389703,0.0870427053310816,4419,1461,4
"71",1991,"MENA",0.0276036289941581,0.0486497953618082,0.14307704657506,0.0240500027997695,0.059071342511535,0.017224049660289,0.0877785445292877,0.0176540330305625,0.201785728595619,0.0176045884690582,0.0925735846839987,0.0713943772530918,0.14715443652031,0.0186821809396533,0.0256966600757988,20409,4341,13
"72",1991,"West",0.133543504274177,0.0398539201216487,0.00453665059057811,0.0566262151047086,0.0417931479446551,0.0305016682556075,0.0205072463762642,0.0692724720633535,0.0139150466272821,0.106852513839076,0.108390743964078,0.0895687867347134,0.169095464706784,0.052698133148034,0.0628444862490393,26197,5723,26
"73",1992,"Africa",0.00536793512642942,0.0515686182788248,0.0440321695868098,0.0223138367718897,0.0861717914239704,0.203339356383318,0.0257422600908436,0.016814313836623,0.0186727138300739,0.293043392969353,0.0760698406547432,0.0276518405283849,0.0373373499563816,0.0831510691164251,0.00872351144592902,5925,7290,8
"74",1992,"Asia",0.00999642010279497,0.028936702089286,0.00644553797649049,0.211187123766341,0.0729846367688509,0.0057976781457777,0.132848260700006,0.0943510174589088,0.0588882468360894,0.0425660343495898,0.0986519171614934,0.122221879860472,0.0355420925144569,0.00352687057351314,0.0760555816959292,17410,6480,23
"75",1992,"EECA",0.0251152288886801,0.0269008350490192,0.014336526243668,0.0976772473084405,0.119283582504591,0.0254029184302255,0.142991046826009,0.140259178337646,0.0568017954532096,0.0705791592230976,0.09421345973069,0.0865408967525619,0.0748279204907476,0.018311210713632,0.00675899404778219,5629,2544,8
"76",1992,"LA",0.00457969749391869,0.0957930030478401,0.0173441723631835,0.0759838857250552,0.0504575685904731,0.0375266767915069,0.104869179344074,0.0896951495739517,0.0542229240132127,0.178187261754822,0.0906953340504005,0.109957484345259,0.0484303035309417,0.00330654125024493,0.0389508181251154,12743,3774,8
"77",1992,"MENA",0.0530470807423142,0.0386448227100008,0.0414202009126424,0.0575400971526906,0.0570282224741409,0.0227935956455695,0.0291262579510744,0.156439595249428,0.1482204780464,0.0305503968242591,0.099483614343362,0.157861827873712,0.0949828006884974,0.00384943151485414,0.00901157787105379,4968,2047,6
"78",1992,"West",0.123700115097507,0.103542709701937,0.0259049705193972,0.0698139388424858,0.0292996582385463,0.0222039639646947,0.0307365699704819,0.0750594701665562,0.0106195511879665,0.0515362863515525,0.0777144779193947,0.18065935687097,0.103265752074729,0.0492780140363433,0.0466651650574384,37931,12619,38
"79",1993,"Africa",0.00405639745489547,0.0408753787185577,0.0313556505625218,0.0467960267388762,0.106138512190127,0.0901395304629328,0.0227813668482375,0.0181224471898034,0.115669696502836,0.0324205970463626,0.095929036280675,0.0406089841638891,0.142666984166931,0.0781620528481842,0.134277338825169,8663,2062,7
"80",1993,"Asia",0.00751273890054925,0.0924068733824005,0.016606845595031,0.158237978505046,0.144089552518088,0.037088764872288,0.0762700020422752,0.014366400182443,0.0089770184897389,0.0842269466175981,0.135948681904855,0.0951556512608052,0.0603696484147032,0.0285036887284941,0.0402392085856844,35036,12465,26
"81",1993,"EECA",0.0134413989599111,0.0989296498932648,0.00959296176227047,0.0166120007841057,0.0479437792337451,0.0288933731316193,0.0582040510257551,0.119316754612502,0.123219114711366,0.147517163740343,0.108211275206618,0.0993012689406225,0.111223852473702,0.0115414149975818,0.00605194052659297,25592,6165,16
"82",1993,"LA",0.193736887347072,0.257210810297574,0.0217834353220152,0.0403786823609422,0.014440131106047,0.0285826799371037,0.116693180715523,0.0168189624286014,0.0594634564799517,0.0101268304545292,0.0400743326572048,0.0501908196737796,0.0424631939512458,0.0208358592736451,0.087200737994766,1799,2362,7
"83",1993,"MENA",0.0240982072320629,0.0302999693151772,0.0984197250303948,0.0262591021431238,0.0828641581064751,0.0911994065403496,0.0159491951776732,0.0213680425636135,0.0109718558817099,0.37797218850738,0.0884561134327164,0.111977320691448,0.0122092711893285,0.00119656792466344,0.00675887626388453,729,1121,4
"84",1993,"West",0.123824987706504,0.0734445848138661,0.0408731980768443,0.0621325418288667,0.0413412491000369,0.0674075739411987,0.0262554228334466,0.0378233420686732,0.0315673686902042,0.0571246488255265,0.070533793822546,0.133273460241884,0.154416862883366,0.0113242364836827,0.0686567286833536,16668,8391,25
"85",1994,"Africa",0.0149112951984545,0.0752613579502181,0.0493267676444975,0.0197766861732478,0.0925719787460714,0.0502007935335562,0.0842378371978881,0.0512534978834458,0.0415407790532852,0.0930536376789915,0.105218165169042,0.064399927129079,0.125784917594687,0.0138671445624874,0.118595214485048,13440,4643,10
"86",1994,"Asia",0.0193038617841922,0.166537807625759,0.0485231789926065,0.101839016104618,0.0610940811894462,0.0107101520254483,0.10064042358151,0.079950671250789,0.036306575178137,0.0325115668928846,0.0668823087136883,0.0939292598895822,0.0923698060556692,0.0544602227801117,0.0349410679355575,24046,10141,29
"87",1994,"EECA",0.0211623474608451,0.0248010201748606,0.0646386730525153,0.0169506144704201,0.0712056203761546,0.0498344051942907,0.0569022086121707,0.120946071641959,0.110731662865039,0.183668441639319,0.112072054552528,0.0509523696995137,0.0949951483101293,0.00690196425877983,0.0142373976914749,5811,3288,8
"88",1994,"LA",0.0107027944125911,0.35027541963907,0.0125706755308677,0.275189167917113,0.0617832475025181,0.00126551670876293,0.0399425950419418,0.0473847559373399,0.00379769162042616,0.0042034922835435,0.0407318123121821,0.0833063203863247,0.0656000056472485,0.00106835904852039,0.00217814601154975,1089,1308,4
"89",1994,"MENA",0.00928104013648133,0.0139246702834375,0.194249237496304,0.0542053586600006,0.0379893228438929,0.0156545078396179,0.0374220231789579,0.0519037773279706,0.137007215666766,0.00997365567233187,0.0825503027662258,0.181046406815648,0.130375348844809,0.0224306861450688,0.0219864463224879,7594,2082,10
"90",1994,"West",0.241019731870183,0.0335494118245522,0.0415619119913682,0.0229551860814296,0.0475726094705291,0.086954477565213,0.0147635297573018,0.0248516814799821,0.0130192465121928,0.0651149128253508,0.0888935989590462,0.0620900456006561,0.063059761699861,0.0722557145823923,0.122338179779942,33339,13537,45
"91",1995,"Africa",0.0806016112153962,0.210359499313152,0.0047118133219928,0.0426095572798694,0.178682579531342,0.00422349225675434,0.0301134442133528,0.0406624058810268,0.0647779910934511,0.00432039481178753,0.0813191413520543,0.14755840964913,0.0748737301653054,0.00177213821008844,0.0334137917052962,12331,2130,6
"92",1995,"Asia",0.0126549777481918,0.0579473097239432,0.019054856327211,0.0727764755721474,0.0341307547070938,0.00980101824811793,0.0575270170464328,0.0481269788054933,0.0508059102997095,0.0259232816821643,0.118816931645232,0.123379074209857,0.318087051494412,0.0166574862806095,0.0343108762093845,60975,20928,75
"93",1995,"EECA",0.0599341073770129,0.0878356708944735,0.0217542133007252,0.0157629977042046,0.0344488742975395,0.06958476928803,0.129374292219586,0.0547504083819689,0.11602611643035,0.10276939007416,0.080042389373917,0.0588704725437335,0.0921489081785169,0.0321332309070248,0.0445641590287561,5881,4878,15
"94",1995,"LA",0.00768175176687854,0.0764593436500881,0.0224261124909557,0.093112052747083,0.0296341519972652,0.101862500918079,0.159559722793909,0.0375814559373579,0.0191926474623908,0.0798926012633097,0.0543582144528464,0.11184898064886,0.15066793865969,0.0175565080101468,0.0381660172011402,6197,2537,7
"95",1995,"MENA",0.00849540657408999,0.0259734740329441,0.192177996629963,0.0779094882264223,0.0425479061913463,0.0164029739172403,0.0225606996517373,0.0583036258887389,0.106122559663378,0.0696506281229743,0.0879307726536486,0.159506502066228,0.10669834076265,0.00249858247665917,0.0232210431419797,17426,3978,18
"96",1995,"West",0.156512403437066,0.0350647801583484,0.0460792362493546,0.0747653511440305,0.0356608545227375,0.0931071156383365,0.0315565913535394,0.0329546763728834,0.00726894795553164,0.107359534224573,0.109705065653075,0.113673946242482,0.0551225443265176,0.0355116763638884,0.0656572763576359,37677,8612,30
"97",1996,"Africa",0.0088577726420824,0.0673993586690596,0.202442575018264,0.0141345259528869,0.189446318637935,0.00126149272044371,0.0131766653463895,0.230229402444456,0.00950841027981943,0.00516675915720438,0.0810914922714242,0.111855665834741,0.0440903173149096,0.00849273293251617,0.0128465107778696,22328,6315,14
"98",1996,"Asia",0.0180366536381381,0.120899674197793,0.0129894969122055,0.125956188899245,0.106151910787349,0.00961366765643041,0.0635368675570893,0.0600634228945551,0.0102724444899655,0.0218633879239627,0.11332881383431,0.0726794468600096,0.101716683581536,0.0411149627280648,0.121776378039346,37880,12019,32
"99",1996,"EECA",0.0178237732999598,0.122999395070082,0.00550070801509375,0.14873719240179,0.0401170711554894,0.0395993261218602,0.189860476456008,0.0933145362458579,0.0552532260623614,0.0193883114349801,0.0680899828960269,0.0416399799411997,0.0785597814102236,0.0287259510626867,0.0503902884263812,2775,2956,7
"100",1996,"LA",0.114706646209919,0.181375301777108,0.0811322969569119,0.0649696325284529,0.0894038286808707,0.00269406813137362,0.0312568087809603,0.0227142340218475,0.0414329219991036,0.0203425344000795,0.147661669324616,0.078485186664907,0.11203551020539,0.00311133788340096,0.00867802243505851,5123,1843,5
"101",1996,"MENA",0.00407981673523772,0.0383205676158116,0.254216532562251,0.0512059843848141,0.0627103227200836,0.0104236565484522,0.0275224248300164,0.0278318013575833,0.0271181286574576,0.0463748390790584,0.103529136027843,0.147995094579601,0.109628432070415,0.0593718717912161,0.0296713910401595,9761,4306,13
"102",1996,"West",0.0813772581937789,0.0122477077007834,0.0215489933835134,0.0422889449393323,0.146700068972005,0.0747464709473115,0.0333999222011182,0.0385341630588823,0.0115218802818291,0.0965094036659608,0.152224488765915,0.0395823778338465,0.0147487287833528,0.163331796876683,0.0712377943956872,11014,5967,22
"103",1997,"Africa",0.449379680408819,0.239037075900896,0.0116021335022069,0.0104162671048908,0.00575644558578356,0.00162245863123036,0.00508736156789856,0.0111961733295631,0.00327397950214593,0.0139731747274297,0.0349459562742782,0.0512316270590247,0.105999472173673,0.0556128860328558,0.000865308199304822,4925,453,3
"104",1997,"Asia",0.103334714013769,0.0235568963297373,0.00321558390830106,0.20468241112698,0.164656324645232,0.049278412725551,0.127976486869913,0.0372730919102265,0.0174426670949327,0.0102905460128466,0.100605692474993,0.071959382083439,0.0567610779609322,0.00994854265357742,0.0190181701895684,11307,5557,15
"105",1997,"EECA",0.00166222868115935,0.04354841650243,0.018550513390238,0.0380521846335589,0.031903196378788,0.0738247755260921,0.015238779454457,0.113059648402741,0.0180361560126579,0.0628336170009882,0.0647292524217057,0.0445190679141701,0.257194353952492,0.212556937638809,0.00429087208971174,2182,813,4
"106",1997,"MENA",0.011782305025655,0.0927467343479625,0.268151968680874,0.00762540465770783,0.0357696322547654,0.00480185246016998,0.0304645518049853,0.0633420689812509,0.217216534170772,0.00388832273790469,0.053997330516243,0.10832139767906,0.0848178171284673,0.00428464817149593,0.0127894313826864,19141,4221,17
"107",1997,"West",0.0684686111364723,0.0578621256390176,0.0106437359601828,0.0842802297388758,0.0667917831069378,0.134796083462581,0.0885160710957829,0.0157089533509439,0.00644144038718079,0.118948679600503,0.136347340693944,0.067979491660679,0.062412477671013,0.0563733938961243,0.0244295825997615,29073,6894,17
"108",1998,"Africa",0.0743755139954661,0.223141397552243,0.0163721276515287,0.0336745006595325,0.0963472596104668,0.0105223692944572,0.0526843309540043,0.113427293486176,0.0585063971941115,0.0157237898561691,0.119519390565706,0.0472846579991132,0.0776076673223069,0.0203061335560617,0.0405071703026569,41650,5404,17
"109",1998,"Asia",0.0497832365106016,0.119738901111587,0.0166908006768978,0.104153799828317,0.106919329739359,0.0228822661097465,0.0777408059535366,0.0816298252336077,0.0461430224687307,0.032189934988847,0.098910078732909,0.0965201800828431,0.0897789161995109,0.0364168939729568,0.0205020083905496,41300,11681,23
"110",1998,"EECA",0.0126888801636564,0.0211171384410122,0.0022642103190582,0.0507590581810138,0.0647109243121367,0.00327612267275222,0.275681449286565,0.127201667061178,0.0371130604194976,0.00946820269932627,0.166694705448727,0.046367213446402,0.0848919937388703,0.0771484934395441,0.0206168803702598,8527,4284,8
"111",1998,"LA",0.0108853223620771,0.0764605519828838,0.0133545673641267,0.0987490236248448,0.0861007420690024,0.00840275031687571,0.169925335665271,0.194612171438317,0.0168399852542036,0.0388094483040438,0.0840729442560126,0.0599748737660831,0.0597331934637539,0.0544689667282769,0.0276101234042279,30968,3933,16
"112",1998,"MENA",0.0172579094683982,0.0404386524066674,0.178110233018441,0.0265385334842546,0.114476509511608,0.00735295757805287,0.0435109374047483,0.0543371928943224,0.0778594690278826,0.0195600196340315,0.110033291763131,0.128723046754165,0.0699316071767632,0.0772639034389614,0.0346057364385721,26348,6596,17
"113",1998,"West",0.0620969217838678,0.0684844891139386,0.00528378858167137,0.0540220448717264,0.054589905704107,0.162906320353656,0.0105275493131842,0.0376470962916234,0.0147077920743508,0.143669071546781,0.117375532737914,0.0629359264035402,0.0489155665607106,0.0931476933457637,0.063690301317165,75428,14395,43
"114",1999,"Africa",0.0858370977104327,0.0836923280541844,0.0696533717825911,0.0246348313897951,0.161350763936752,0.00292764528557668,0.0332975461166356,0.0663402311120709,0.10370775222652,0.00603804210491559,0.165327658214979,0.102352961536363,0.0545107960566276,0.00416215955198873,0.0361668149205681,14168,4565,12
"115",1999,"Asia",0.0812817201683758,0.0444320007584906,0.0168447521524116,0.101598512298223,0.168344540809055,0.0241267574671997,0.0579363715724087,0.0298361132886111,0.0263680357331791,0.0446878914169221,0.123473397735356,0.0785886102048129,0.0780965815232565,0.0251285764254637,0.099256138446235,65108,10210,33
"116",1999,"EECA",0.0541484207123843,0.166734659338995,0.0257135360258095,0.0460634352838059,0.120243986955603,0.0172568526950347,0.0800730294311879,0.0455761030175443,0.154239632866075,0.0155165158358673,0.0755751810985597,0.0313919999977918,0.113657440289785,0.0386023275230817,0.0152068789284749,25406,5459,13
"117",1999,"LA",0.00548051592264613,0.0747283351106241,0.00324833346878023,0.0651560293061121,0.0996807087399031,0.0248669056655541,0.0594640561366582,0.133061518814045,0.0235531864484692,0.0327638782559652,0.0780537158855538,0.0284353888464676,0.211390356460583,0.0876786280852536,0.072438442853385,16934,3835,10
"118",1999,"MENA",0.0100067076232955,0.01942654533852,0.173588971568474,0.0241291941025972,0.0869192079508993,0.0468388184718301,0.0768243833716363,0.0414384819372452,0.0312928914254267,0.0766195898583139,0.0813074400699548,0.0983834809146232,0.221817256243205,0.00262748629894715,0.00877954482503101,25690,4667,15
"119",1999,"West",0.158188859510747,0.0222953086478449,0.00984379797951965,0.0594124152793991,0.0292859876411325,0.032637223645717,0.0323236580809692,0.0133747121570588,0.00895404060489438,0.0418502889673993,0.115409854949421,0.0566134444777883,0.0595387568217874,0.334690626948665,0.0255810242876572,50213,7649,29
"120",2000,"Africa",0.204641003257666,0.125629375746258,0.0388975629572297,0.0177191080486701,0.0580696170451493,0.0414437251372571,0.0116217167572675,0.0828922853956659,0.0802108815396086,0.00778105336947175,0.116933550971083,0.0771555275684066,0.128365484917004,0.00271511254547453,0.00592399474378805,24418,3335,14
"121",2000,"Asia",0.0127158607708783,0.052558386053054,0.0392151218508219,0.125680662683305,0.0924414709864531,0.0276135853770376,0.112238776292557,0.0503210111559791,0.0199112874152653,0.0254928099063187,0.0945112961666258,0.123903961455513,0.132438763179421,0.0311024323304632,0.0598545743763074,62867,10585,33
"122",2000,"EECA",0.00616554372916847,0.0228715849946843,0.00709760341029275,0.0693394235486699,0.0726800138669316,0.148921167561841,0.149906191822025,0.0761248124007485,0.0455841323454013,0.104172179428464,0.107484092261866,0.070501321317686,0.0867042677849501,0.00952345854029372,0.0229242069869767,18984,6361,12
"123",2000,"LA",0.0575486435857365,0.0205542824739617,0.0067345732071865,0.0615518642092243,0.133471457220071,0.0396626028738871,0.142680533837289,0.03910523564477,0.0277399896651735,0.0211542968826826,0.0986950383598994,0.0465539030228698,0.177228969737028,0.0566627118969889,0.0706558973832328,27571,6620,13
"124",2000,"MENA",0.00858847736437135,0.0282545626729601,0.178837277151948,0.0571410641342744,0.0659708061147906,0.00503257429946783,0.0529458402433153,0.047395798546488,0.0389697963359301,0.0543204311283064,0.081257255209302,0.180902271414733,0.132486050189749,0.00724806748452184,0.0606497277098421,52040,9534,36
"125",2000,"West",0.0765693216845384,0.0302152430885804,0.00495076773590398,0.0869275458631205,0.060594508255562,0.0438465684859113,0.022531713759762,0.0454176877600277,0.049311368152117,0.0851050243538223,0.111298945779555,0.033492761856947,0.0657169381698781,0.257692034649978,0.026329570404297,94401,16236,52
"126",2001,"Africa",0.209896780606269,0.284560857322103,0.0212828236652949,0.0167170432126346,0.119882323123237,0.00454306291484017,0.0317115786062809,0.0647845377854555,0.00827497704314516,0.013515931343254,0.0996088932937179,0.0402588506822808,0.0389517109040767,0.00258104745897398,0.0434295820384358,34870,4889,17
"127",2001,"Asia",0.0278580263147665,0.103121333254301,0.0232301353838189,0.13953316412891,0.128557979774215,0.0431717525310671,0.0927501663141081,0.0583374150659833,0.0105303179057256,0.0280907009138056,0.13822726877352,0.0734863259576637,0.0327579279474014,0.0170180744875863,0.083329411247127,82353,17190,40
"128",2001,"EECA",0.00247703459879845,0.00453545842109699,0.0767615723446262,0.0140875247909268,0.0785744743446432,0.00594274183084448,0.14407660688868,0.237701172512781,0.0852243229507891,0.0460526855693181,0.111830147928521,0.051810546837235,0.014991100367923,0.0618993809614173,0.0640352296523991,10565,3376,9
"129",2001,"LA",0.0168174149328975,0.0116856549892949,0.0248065903304885,0.0196330489853462,0.146776838597259,0.0550243620526764,0.0612106654085624,0.0460990619624699,0.0532468962049312,0.128065990363883,0.194231856549991,0.0883672211346922,0.0741128766147812,0.016846491749771,0.0630750301229559,18625,4188,9
"130",2001,"MENA",0.00361092149790688,0.0333970076488927,0.1423108239068,0.0380477740539623,0.104015151108022,0.0407246467944424,0.0630208583538201,0.0545528932844995,0.131076803262624,0.0256154935193629,0.10847145438628,0.122061356572797,0.0820343411475185,0.0110741348349119,0.0399863396281604,88989,15188,36
"131",2001,"West",0.171586404476335,0.0420845037100167,0.00600297713022341,0.068439110421232,0.0693670471985544,0.0466847586565739,0.0528949332820615,0.0293190955153585,0.0264713374872456,0.0926935520986107,0.156570124882444,0.0818682254138262,0.0777505402690185,0.0472391752738915,0.031028214184608,73375,14119,37
"132",2002,"Africa",0.0759415776144466,0.119201251034091,0.0471567078386499,0.0346701060971886,0.162167691471479,0.0112706199935807,0.0287739319576003,0.163320313007042,0.0572191701585883,0.0244106267238724,0.11127088365894,0.0356362009125836,0.0676516257143959,0.00164988551972426,0.0596594082978165,39204,9573,24
"133",2002,"Asia",0.0525274336578467,0.0624800647983653,0.047955803273441,0.0483101874146902,0.0774376241979825,0.0754141548800673,0.122917455739054,0.0987082140954803,0.0606931964601723,0.0478016424902772,0.0910597325345693,0.0592881489865632,0.0996138513131336,0.00755080185495179,0.0482416883034054,76682,13083,38
"134",2002,"EECA",0.0179810046538194,0.0164244203548891,0.00635301211395599,0.0398146697142829,0.0712015241637453,0.0473624366234524,0.0356788924119892,0.0182732180746699,0.154484877679,0.0208011406966405,0.111214312903907,0.0309013790065807,0.174072538240206,0.200470037389776,0.0549665359730851,30751,3384,11
"135",2002,"LA",0.0126049225020096,0.0297213266104283,0.00343255692906407,0.00666224451264133,0.155787519279025,0.0431882636829633,0.115667114795032,0.279769344199796,0.0257584508761755,0.0245109506349751,0.0885539497658938,0.0495989559595886,0.0148255925130158,0.00485986484284198,0.14505894289655,17443,3864,7
"136",2002,"MENA",0.0180406165213444,0.0842030130740265,0.122099522840755,0.0375849209836895,0.109262904961639,0.0225427769191856,0.0394267218425978,0.0390709862976082,0.121026209953045,0.0421435534471164,0.121004673319308,0.0913833871920483,0.091125333521179,0.00881076427760407,0.0522746148488526,142897,20025,65
"137",2002,"West",0.191833314123594,0.0510927357529934,0.00329032841427222,0.055918245217581,0.0486549993234704,0.0506051412569025,0.0406553951830843,0.0210066407557834,0.00573486575876546,0.0453748469445644,0.124252588623938,0.0709132107672151,0.0794349815872776,0.158181358545449,0.0530513477451091,69881,8326,35
"138",2003,"Africa",0.00467659749450709,0.109147042182313,0.0994774286411944,0.032838904026653,0.15345445772908,0.0171060497368769,0.0247147528547277,0.0511507833789633,0.0132487021438281,0.0083010604574592,0.120106643357415,0.0827195161769539,0.0847546286577068,0.180644725722785,0.0176587074395358,25130,3259,13
"139",2003,"Asia",0.0640427954372557,0.061735957574508,0.0326878290868919,0.137111599915092,0.0859249813482188,0.0180393400692995,0.0930904646469284,0.0429674266648274,0.0507145609505329,0.0556080543720034,0.119318643259315,0.0642864744814627,0.0928498308217987,0.0439495413508764,0.0376725000209885,61464,8119,29
"140",2003,"EECA",0.0104051728776213,0.152203505143563,0.034691506040097,0.0431734394505362,0.108625283218624,0.153535048412228,0.0479228307011398,0.0584898487140699,0.0749570675350697,0.0540028533464418,0.0916382670355397,0.0960398951031553,0.0553320163723632,0.00284105228333874,0.0161422137662128,19339,3608,10
"141",2003,"LA",0.147799752173415,0.0365820393858794,0.00297812723676477,0.0530409535835837,0.0211112992508926,0.0276371657458811,0.212008383444671,0.129802542499791,0.0468692752582634,0.0320952201877086,0.093639704530368,0.0338378697951651,0.0607317038391903,0.0291205670074386,0.0727453960609869,28340,2766,13
"142",2003,"MENA",0.00844843877665211,0.0575915797907338,0.107760905300653,0.034572323419265,0.113173526598483,0.0126849135741922,0.0243344928604751,0.0554897596679473,0.152227515170335,0.0337359722728032,0.127358589202426,0.124133633816075,0.112502658417731,0.00572112147621688,0.0302645696560121,92128,14308,44
"143",2003,"West",0.240704656893026,0.0123132749368961,0.0297225595638519,0.0690959375001605,0.0543706837267391,0.0457887385175406,0.0329475467433076,0.0147992175318526,0.00869319146617134,0.0737299202309951,0.10147740192212,0.0663311817260961,0.0780657074591103,0.113876851680624,0.0580831301015077,69247,10374,35
"144",2004,"Africa",0.0723488717797414,0.15100943356947,0.0283036041006231,0.0219009522576515,0.167339621411438,0.027292922268311,0.0820961158547948,0.0239937129485592,0.029359406003177,0.019809930826487,0.161108762619981,0.0390937788545268,0.112426497650809,0.00311699962715916,0.0607993902272705,41897,6340,15
"145",2004,"Asia",0.0852545064789601,0.0600559453169481,0.0199452583206601,0.0960529006538918,0.0982228704816966,0.0872612893851771,0.147974297945544,0.0426377034164436,0.0129930896890773,0.106928195302777,0.125650422489674,0.0506850346668216,0.0307037428935976,0.00965474573451299,0.0259799972242178,59294,8726,24
"146",2004,"LA",0.0216022897380231,0.0921014716433103,0.00498426396053496,0.0423246061827035,0.142112125674236,0.0177904762526888,0.168721223449897,0.113695591393708,0.0231160463452614,0.090515058192267,0.143704082903021,0.0430839045189874,0.0507120989780667,0.00261538126863763,0.0429213794986573,23339,3160,8
"147",2004,"MENA",0.0513726095808515,0.0246141602613853,0.0912403407226535,0.0579002057516609,0.101006141358985,0.0101553809072484,0.033876862044186,0.0672995235871864,0.134741947363085,0.035719072338465,0.150592786809142,0.0909866286187267,0.105469245489485,0.0116205876271397,0.0334045075397988,155784,25531,53
"148",2004,"West",0.0459442290956349,0.0127742176335747,0.0824873413059318,0.0718847532885913,0.0595538086732586,0.127282749970076,0.0584316599222502,0.0748780661965359,0.0155851149467318,0.108298790998914,0.112622593996556,0.066039830579373,0.027016285828088,0.0796360208265843,0.0575645367378999,54307,7534,24
"149",2005,"Africa",0.0208806844741166,0.193414887060322,0.046450720643287,0.0393381335256975,0.193613787074083,0.0284503449970442,0.0170142626457612,0.058111528045734,0.0240047166072,0.0471459106026854,0.0944082852199456,0.082203614386148,0.117169806557111,0.00963838720158981,0.0281549309592752,41551,5565,15
"150",2005,"Asia",0.0252138127790028,0.00918111731481458,0.0164995176320331,0.0877030570211969,0.217310657515578,0.0677790507914833,0.0424555148856016,0.068425874963617,0.03943953827336,0.103505745902835,0.0806324562685726,0.0786978368248519,0.0830592443887969,0.00805246654065641,0.0720441088975997,54849,7062,20
"151",2005,"EECA",0.0541478520119434,0.0576607661662613,0.035212287711993,0.163379787199198,0.0619809409278081,0.0524079386975601,0.0288494938049943,0.0252313159209818,0.0231719575970972,0.00932379370383805,0.0830257394008757,0.0957568856996726,0.302988198283635,0.00287546130798924,0.00398758156615105,10899,885,3
"152",2005,"LA",0.0233153898250907,0.0913344260655759,0.0120227202285266,0.0162982665633804,0.130720709601978,0.0492373947307164,0.0740468525944288,0.215073003975867,0.0234436941718476,0.0409389909079454,0.0908553367910304,0.10116570091361,0.103328289735686,0.00350581150190985,0.0247134123924067,23272,3633,9
"153",2005,"MENA",0.0128604831401484,0.0247770569803749,0.0963315972096446,0.0314751736485573,0.0924206306408868,0.0180810784875823,0.0517132914867654,0.0411990981403481,0.168096489474875,0.0240307402311357,0.099235289983353,0.139803915004298,0.154130402181331,0.0204391873247876,0.0254055660659114,178727,26331,63
"154",2005,"West",0.132647059504601,0.0152959932045566,0.0974457214819613,0.0843386288528943,0.0891164342362324,0.10952127518819,0.0240564841501789,0.0136587554048073,0.00588684645794553,0.122386077086098,0.117811827172038,0.092599729907833,0.0541583793585867,0.0131563058795672,0.0279204821145094,46366,5894,18
"155",2006,"Africa",0.0397841449391269,0.110913388261981,0.14004807758844,0.0167185987194095,0.209561680383842,0.0421265928908311,0.0423918770592341,0.0271265749921196,0.0467291928866108,0.0399303614814219,0.140195879208291,0.0289632476843545,0.0503846683754104,0.0153001867856588,0.0498255287432685,52867,10337,18
"156",2006,"Asia",0.0717143976392687,0.129611187165835,0.0518340825223336,0.0847642524821691,0.133634738545089,0.0201713746674098,0.0723500023701239,0.0674410362557261,0.0195706942084136,0.0526425443461296,0.1293601648885,0.0538340883292334,0.0520693859074203,0.0040177053946784,0.0569843452776689,62290,10531,28
"157",2006,"EECA",0.00693832551554493,0.0208348744287775,0.017158210716471,0.0299051047077494,0.095430602287863,0.00647962649080947,0.0200056348099685,0.0693338860816444,0.201574708975936,0.0304037227353416,0.0750389595152807,0.0496849248030841,0.184472095902602,0.170810251502718,0.0219290715262091,17925,1674,6
"158",2006,"LA",0.0415982280930824,0.0944123122632601,0.0207934128373635,0.0322764332257071,0.0998148467621921,0.0638070179178848,0.0574557581803833,0.109840393782353,0.0216747769054048,0.0433329955637926,0.132910440948232,0.081498524027647,0.17254880546361,0.0034003863246547,0.0246356677044322,52183,11363,27
"159",2006,"MENA",0.04862059234157,0.0235052044363163,0.114966050851632,0.0533683813831138,0.0842982430377121,0.0262258649033448,0.0420119603374621,0.0698102102948809,0.110528405872012,0.0573395743263828,0.122605971139051,0.0899263207460928,0.127971219628329,0.00899620187719324,0.0198257988249071,103197,16146,40
"160",2006,"West",0.0734604000619001,0.0196959331198188,0.0499800670667343,0.135581656469137,0.0644898037326889,0.10212441859529,0.0360683148085199,0.0237649579114306,0.00983043316557174,0.0683450048091061,0.134963969621431,0.0467493628013829,0.0652155558264887,0.0483336309166998,0.121396491093799,95082,15787,41
"161",2007,"Africa",0.0553323789232765,0.17443206397916,0.0962019887847223,0.0122321765065867,0.0859783616044803,0.0360732168918453,0.0680854719795245,0.0505097106273822,0.0594153297106961,0.0691852773552666,0.110776580976677,0.0486839783993584,0.0291014451080409,0.0122496649026276,0.0917423542503559,32143,6030,18
"162",2007,"Asia",0.0134963914732881,0.0859332949964386,0.0145250228723109,0.159084615461329,0.163617298435047,0.0155098047962826,0.104117577115947,0.0444519622270398,0.0342653645850153,0.0291601936573465,0.123909049990868,0.0691372505287629,0.0652272929609547,0.0461907284308015,0.0313741524685677,92239,14083,42
"163",2007,"EECA",0.0171664278512712,0.0577380681635686,0.00248678876822046,0.0116916117216387,0.152856526048721,0.118775382008035,0.226562078848941,0.037419566425154,0.169467247404381,0.00370486617150415,0.0361463793634803,0.0305830485096209,0.0778444296236631,0.00559406437262624,0.0519635147191743,7090,898,4
"164",2007,"LA",0.0212322646723638,0.0805025983186733,0.0395378747357453,0.0706107913148727,0.0921847653332077,0.0127772254234961,0.0269399618430562,0.081281835035243,0.0253070975604413,0.0613902720145732,0.0730216044824031,0.0804649558341998,0.229630341460384,0.0370654309013004,0.0680529810700404,27170,4864,11
"165",2007,"MENA",0.0171625338340599,0.0185154680333121,0.137161515889894,0.0418175658009498,0.116737774482463,0.0302594115487532,0.0895672101699434,0.0857830527453818,0.089354370938096,0.0436144960770791,0.0958617205284467,0.0892698039797117,0.106825119407188,0.00664210197349579,0.0314278545912255,99132,11950,34
"166",2007,"West",0.0415505173405778,0.0240456986361033,0.107521525054612,0.0790324439278445,0.0629998798384296,0.0891806642053379,0.0129974034265534,0.0157324561921973,0.00706953727935497,0.0885525297352875,0.13855445940276,0.053545975677362,0.078565359048861,0.0743576674032086,0.126293882831511,61066,9640,28
"167",2008,"Africa",0.0210194809127029,0.0863889819271823,0.0377966866444463,0.127322897945851,0.0927546925201625,0.00788544592633252,0.0317903857406347,0.158157934148404,0.0724946365788725,0.0469318664882359,0.107663118189698,0.0936088996305123,0.0923052053702302,0.00560350838551396,0.0182762595912211,35872,3869,13
"168",2008,"Asia",0.0086918195348042,0.0435581552957489,0.0175790858979279,0.109447461898761,0.103439431204441,0.113141342236853,0.0456087853704155,0.0409686514407454,0.03195829163495,0.0810054063244301,0.117588549168091,0.0470742308054821,0.0444185015681876,0.140268001834754,0.0552522857844073,49392,10678,27
"169",2008,"EECA",0.00910601769360074,0.0188911693197317,0.0325594077621796,0.067622899332302,0.0471482168302755,0.0941507576118741,0.139619357111896,0.0110772911506853,0.0259010673845724,0.0946560554742749,0.117697919818686,0.0441433932852694,0.110676894035266,0.015720906326085,0.171028646863302,6902,2859,4
"170",2008,"LA",0.0082730933816891,0.128318179547474,0.00613576071754713,0.0215357546461256,0.100353384774092,0.0101618482993336,0.11720666221754,0.0804540124384713,0.0505375977277247,0.0195835954252586,0.0991055632040437,0.0197593951529713,0.0433132718132332,0.122620683462081,0.172641197192416,32326,3755,13
"171",2008,"MENA",0.0331032208197348,0.0227004515877295,0.11367970326216,0.0355782898760845,0.130615547010501,0.00511117671570704,0.0444333041680748,0.0654849774789193,0.203707098383483,0.0474588104730989,0.123832508431423,0.0664572633380692,0.0588616500273199,0.0186565540938184,0.0303194443338767,79720,14945,33
"172",2008,"West",0.149454368196698,0.015034637998916,0.0175296386210734,0.11655382082899,0.0572929485992071,0.12481696596537,0.024723418437584,0.0566171727451949,0.023764358257458,0.10648076587134,0.128002222831705,0.0440660437334391,0.0364878282383735,0.0465227828066574,0.0526530268679937,65996,13205,30
"173",2009,"Africa",0.0561316174672013,0.281029260056287,0.026357208302523,0.0179595710848278,0.150953663155742,0.00836849997177239,0.0209190142214595,0.0723687122582556,0.0302927156695013,0.0823812732967077,0.119889571029591,0.047001066438259,0.0550186834937645,0.00454940247230677,0.0267797410818017,52775,7867,19
"174",2009,"Asia",0.0468594841079527,0.114032989848025,0.0414607990899135,0.100695738263567,0.0984789104380122,0.0309641153055156,0.0756913009930409,0.0629579500948645,0.063754389570799,0.0534802101565941,0.125559169285846,0.0606084319648238,0.0770749828858604,0.0111909010904978,0.0371906269046881,103710,18547,43
"175",2009,"EECA",0.000939132517439207,0.0064738052409649,0.0231409383254798,0.0430125882161885,0.0648116689520792,0.288618520969009,0.0600144739970118,0.0528203424590805,0.0140975205768802,0.0399315685775546,0.086090611019077,0.1237870690359,0.154518365532511,0.0089590940858959,0.0327843004949292,8194,860,3
"176",2009,"LA",0.00358212578050485,0.0266545490570926,0.00678051638616084,0.0942527199462458,0.0356344130489999,0.0658609598423162,0.0968150890171392,0.177585950632287,0.0379816961952307,0.0304186491644252,0.0548249884233906,0.0600082868629894,0.251180875175143,0.0517422334032493,0.00667694706482431,9579,1227,4
"177",2009,"MENA",0.0115906393909292,0.0371065056329544,0.142171406050867,0.0242793695640201,0.0561615069883914,0.0424142544163965,0.0393782605462538,0.0753125198853409,0.140503788250535,0.0292189412950259,0.0961035273856049,0.136345759978982,0.120619450865157,0.023117541678204,0.0256765280713383,116717,20351,50
"178",2009,"West",0.121775283431745,0.00864429249478876,0.0243080700736809,0.120463626192511,0.0776686379976353,0.0801998178195774,0.016332823229456,0.023599601574902,0.0275861437915033,0.1375504857272,0.141229410638369,0.0539934898322603,0.0610594955345231,0.0298224987150012,0.0757663229468465,73975,13350,32
"179",2010,"Africa",0.0314475952643133,0.0565733472385208,0.0429353750649048,0.0787734794053191,0.114614047502231,0.0467638552860438,0.147957714102728,0.0457221424840922,0.118386906655183,0.0346379660488437,0.115785485266794,0.0291170192209846,0.0827191597689277,0.0238125875559942,0.0307533191351185,31989,6481,12
"180",2010,"Asia",0.0922709457727849,0.0734691892936642,0.0331959311046942,0.13028032679755,0.0864712658092547,0.0370710754193465,0.0795429240821849,0.0347768789399485,0.0214424527112211,0.0138585696990581,0.113412718690779,0.0732139583087278,0.080496155926126,0.0892559532944329,0.0412416541502269,79766,10583,29
"181",2010,"EECA",0.00927384421490275,0.0089985683817134,0.00281038904112925,0.0890922476936543,0.100372844785158,0.159147944240203,0.067712266141204,0.0352891165674533,0.0129271000468027,0.0864450276892761,0.135635695270731,0.0639272263952397,0.134206546745187,0.0620831887037377,0.0320779940836086,12129,2014,5
"182",2010,"LA",0.0130118618756523,0.119881463291013,0.00873902181339504,0.0446139917676909,0.0860745237586768,0.0450856759534151,0.0409543228294973,0.182083496431639,0.0692890969008367,0.0373431183048344,0.0969903841398597,0.0720773917709678,0.151901836522818,0.00579455701216598,0.0261592576275387,43384,5880,18
"183",2010,"MENA",0.00950307181405573,0.0240498002851821,0.108766028630218,0.0387467174683278,0.135280687058403,0.0218919251196999,0.0399544367216313,0.0443503657512458,0.127332065942881,0.0373225165194077,0.128867414929407,0.102250369914362,0.066472857585757,0.0462233759651273,0.068988366294294,98450,15403,39
"184",2010,"West",0.0267583643422415,0.0555916627323308,0.0584433971560929,0.167678084470449,0.0750782090529426,0.0359787430364942,0.00847122418493025,0.025912520448023,0.0193701878809852,0.083120734750977,0.116070586491372,0.0754433864461365,0.0717169267932597,0.110151993068926,0.0702139791448401,116516,18080,48
"185",2011,"Africa",0.0416001658898422,0.218285580690803,0.0577731187646464,0.0280604960148818,0.121722894088397,0.0386574381701463,0.0338023742308328,0.0531016905513252,0.045193647343821,0.041983486635786,0.118438209336433,0.0430647920890285,0.118188294487372,0.0111160492110926,0.0290117624955925,76209,9623,29
"186",2011,"Asia",0.0358323600117535,0.0689797500785316,0.00844413977787798,0.116649907275368,0.0760909663973095,0.0385918411517148,0.0762283629327812,0.0989567975734652,0.0146387333476653,0.0781501486652342,0.179874596369193,0.0524817390035035,0.0602966737303463,0.0310852084604282,0.0636987752248279,88569,11865,36
"187",2011,"EECA",0.0271104131855245,0.0142723327376477,0.0358877228652773,0.0449919189310081,0.0716171713488404,0.167814027973231,0.041784641638372,0.0758225555398217,0.073057618142112,0.0906091456089996,0.108180933079857,0.0379481368266571,0.0974307449259382,0.0125030198891254,0.100969617307588,19765,2588,7
"188",2011,"LA",0.0232291829639494,0.0478638431538633,0.00193524161192498,0.0615619022949595,0.0783302357230302,0.0677615128671804,0.0454147647475572,0.146341525609136,0.0369088021822434,0.0443708401876726,0.125974133237911,0.055869023423986,0.0252385404310494,0.221802962515105,0.0173974890504315,33133,5064,15
"189",2011,"MENA",0.00318806889427037,0.0352729276465632,0.156904818572854,0.0672010614774238,0.0595979121924622,0.0117069321010124,0.0278858155260986,0.0820453319882432,0.101255626719582,0.0431012922905045,0.137966922981303,0.13913592390778,0.0977240450887636,0.0129732306693255,0.0240400899438133,184343,28970,76
"190",2011,"West",0.0858349407438585,0.0127988311189528,0.022839819901339,0.131874804230213,0.0575356112252039,0.0335457227836361,0.0157630501995568,0.0627262362374546,0.0244862461509503,0.0683838960164348,0.145470665801056,0.0601363751396037,0.0676648613866509,0.176786649787394,0.0341522892776958,141824,17542,58
"191",2012,"Africa",0.0151903968647716,0.176839432257111,0.0283839109778718,0.121413702024654,0.0635575747844048,0.0421063588126887,0.0454097977657315,0.047407398626132,0.0399838882635319,0.016639476874785,0.136853754610394,0.0997690805404552,0.106505472456293,0.00978894939806486,0.0501508057431103,37767,4771,19
"192",2012,"Asia",0.01337846459396,0.071745435462446,0.0240713579419201,0.110169908509399,0.0752039568109493,0.0210410975529421,0.0620012917764265,0.165122888851765,0.0624632367596584,0.0414961990464988,0.138370642702083,0.0858126083239514,0.0585809987251885,0.0352715348442578,0.0352703780985539,307926,55738,153
"193",2012,"EECA",0.0293872614978285,0.0414129682939024,0.0575317166327399,0.0117678474236311,0.0865038333788888,0.0865736299164122,0.0467663800881457,0.175202685194927,0.0668599869477081,0.120161404261509,0.145064482693048,0.0200889708450777,0.0516847309766326,0.0256469778887524,0.0353471239607964,43714,7355,22
"194",2012,"LA",0.0572081137522325,0.0485822835719633,0.00388779661338383,0.0728544736003621,0.0859037468740351,0.0232452405071648,0.0412985970433239,0.128329729708559,0.0357677518500458,0.0193582720864019,0.150460588948701,0.0535130612923519,0.126781760568621,0.0964557991948306,0.0563527843880233,35423,4829,18
"195",2012,"MENA",0.00610210288077075,0.0259083620510051,0.103891260448571,0.0818487042255609,0.0876454582373894,0.0285886689485317,0.026786149677566,0.121450821005602,0.110782239347477,0.0175074305095388,0.112663270306864,0.130841505657656,0.0577250366579113,0.0594548054275721,0.0288041846179854,170070,29154,84
"196",2012,"West",0.0695962018603998,0.0490028973015531,0.027345960725889,0.147635406154319,0.0363555983080929,0.0546391111164033,0.0474954601650238,0.0632586975405186,0.0211324619034962,0.0824189511729962,0.113531125886833,0.0908783230916641,0.085401648043422,0.0645876449756108,0.0467205117537779,167956,27995,84
"197",2013,"Africa",0.186447901613518,0.219930739033588,0.0666975041470314,0.0161151832835885,0.126492982521176,0.00420528855077882,0.0236928154256833,0.0871384854872829,0.0426744964353442,0.0055636136631593,0.151195500184667,0.0290633618140635,0.0247365242114386,0.00725420330008136,0.00879140032859965,44290,8980,19
"198",2013,"Asia",0.0162434304886453,0.055300677744526,0.0231588722905431,0.0880161737086827,0.0903865912187483,0.0273867919936262,0.0500972827555512,0.255100051681353,0.0310407329790498,0.0451667244754661,0.113776572233324,0.11458630022774,0.0607485876459154,0.0097098910205926,0.0192813195362361,319105,64721,159
"199",2013,"EECA",0.00445184927697265,0.00910603036563671,0.0290798164560781,0.0552198467467557,0.0585668290025675,0.0104692469275298,0.0591221478016488,0.154618151617427,0.0689304714416792,0.0350578799568401,0.14129552355033,0.0497293532359875,0.0560658583690794,0.224989440240038,0.0432975550114297,25486,3777,11
"200",2013,"LA",0.0368603780360782,0.0902757748069495,0.0106876025869421,0.0944924842313854,0.0617754064366666,0.023905070647062,0.091050579214994,0.152254904106811,0.0556256029888172,0.0484565460338656,0.108789349299348,0.104865847869816,0.0856511477277107,0.0128943070461268,0.0224149989674273,32612,5803,15
"201",2013,"MENA",0.0672120563677928,0.0274022019623264,0.137376600406317,0.0609650740339317,0.0423274917739808,0.0167458610587792,0.0119355567220462,0.0902754682603392,0.115157283603845,0.0247784330085289,0.116256679949586,0.143520529930764,0.100279159159267,0.0330897450950409,0.0126778586674549,131316,21274,58
"202",2013,"West",0.0544822379859425,0.0321652000821676,0.018837335394581,0.114768702794904,0.0575585391730054,0.0536299412872097,0.0245450682279579,0.110666958651873,0.0408951350534617,0.0893445472968511,0.142421006525342,0.105896532825353,0.0798140805579504,0.0632900678962673,0.0116846462471339,110706,18157,52
"203",2014,"Africa",0.0335405558940137,0.120573597286126,0.0284598789200167,0.0429412970933362,0.119557046075825,0.015376797718753,0.0109771572308661,0.125506241365129,0.0925137475674456,0.0527547589357981,0.164139729401812,0.036169956574037,0.0811631403251747,0.0127009025308517,0.0636251930808152,25400,4486,12
"204",2014,"Asia",0.0277192072257994,0.0835216226171955,0.0148123196449858,0.0952094147839554,0.0855289192890044,0.121106999022436,0.0596364689427662,0.152661035645124,0.0245807525954231,0.0340443055112526,0.115775909374271,0.0822395301884631,0.0657834494509849,0.00974137070117804,0.0276386950071607,153214,30225,76
"205",2014,"EECA",0.0378059157702829,0.0118023585172018,0.016797123332326,0.00876205869686881,0.0525149325489494,0.0395691487091822,0.013017865070361,0.0620231313978487,0.0887581973255037,0.129062118386203,0.157858423059449,0.0164871662360953,0.0714220645181508,0.249553838856395,0.0445656575751827,7179,2684,5
"206",2014,"LA",0.00199899116400507,0.0340429886864614,0.00660228844942127,0.0932310736972803,0.180231883351277,0.008674366719441,0.114248350339625,0.147010114963241,0.068320737369572,0.0531129936272069,0.0861048050107596,0.105398493085415,0.0618178479261392,0.00468050707500396,0.0345245585351507,10596,1240,4
"207",2014,"MENA",0.00305407541127195,0.0331144159481067,0.134137364143165,0.0695836710393483,0.151518006741856,0.0101117379946313,0.0191427702502929,0.0982759190340638,0.114374371361375,0.0255816368728179,0.110758277613079,0.123625944941921,0.0926790943251825,0.00303068692831852,0.0110120273945697,88751,13432,35
"208",2014,"West",0.149007441707961,0.0347267966208358,0.0211047702093225,0.110257042675817,0.0574120329279528,0.0560948184657155,0.00696986093596659,0.0196496956985001,0.0117777525881127,0.0915937493894298,0.116829239774031,0.0804678857546187,0.066114869211469,0.0868567535682378,0.0911372904720291,70292,10338,31
