"","year","region","cancer","reproductive","religion","business","marriage","arts","migration","rape","war","literature","personal","rights","politics","sports","fashion","number.of.non.stop.words","n"
"1",1980,"Africa",2.25694073808937,52.0191364241925,2.65607866556219,59.1299392000102,12.3242430554753,4.47189871849267,91.8585956046716,9.79388528286817,6.62013005616588,1.00614418306491,29.6466776917954,38.2093215555048,25.7590551949463,2.99372425518633,26.6542293739742,365.4,5
"2",1980,"Asia",0.710232853303078,6.26556247116433,4.00860283573544,31.77412986285,39.6309912703934,13.2526184890408,21.4239779483549,17.9334717877191,5.53597284196586,7.38214618059998,27.9601412674955,24.2176942944611,26.8028660616299,4.12814672158494,51.0322686431134,282.058823529412,17
"3",1980,"EECA",7.05647406914879,3.06312422358714,1.88894237306642,11.7418878786556,32.8562738122197,5.89342829268705,15.0928543785169,6.47521138736852,4.68189811941635,43.5778723972651,29.7910568190651,31.2948356058071,35.1721670503327,2.33686363837505,7.36282424020289,238.285714285714,7
"4",1980,"LA",1.66360163348695,8.12882413212649,5.2253902114346,13.0900161366376,19.3473075344101,5.11675143914493,8.53674197605278,6.62988694466399,15.2804328569045,4.71735525541975,24.7345977746007,24.8742524257906,60.8799107613147,2.10698848093084,14.1679424370812,214.5,10
"5",1980,"MENA",0.309140341319398,3.51861601311992,36.5618265471423,14.9818286246589,11.7987803900397,2.16116124182951,3.04383433438435,6.03794215331982,60.2245808208604,3.45843503254911,19.0894711901239,29.3535126558588,81.4065728169498,0.883179044758228,3.48361879308583,276.3125,16
"6",1980,"West",19.5293323171782,6.62370160436609,3.21983169981847,22.0129144345009,22.1941985072463,15.9286990753387,9.90940379121989,7.13235103735342,2.68064043751651,72.3746750940735,33.4451648703369,29.249912811519,28.9869348287717,6.67246256693005,4.66477692383039,284.625,24
"7",1981,"Africa",0.448204883486055,24.6629012278759,2.20362625323332,29.095361226193,37.9930555951698,1.83019468774945,19.9909197561762,4.75531786039761,2.00483935302377,66.1680985265729,34.1626444195866,80.539481692951,6.27697454316951,0.273372193016395,1.59500778139833,312,2
"8",1981,"Asia",23.5622989587716,13.5469880025445,5.36849578273183,33.1409550624761,16.1274311413649,105.540817299389,10.8909021432532,7.55310569989272,3.10068533571537,18.8191632577162,21.7878313459669,25.9332025397252,9.35099711177862,5.76776182456568,16.7725223888445,317.263157894737,19
"9",1981,"EECA",1.22248736766545,8.77065859257584,3.21911378945178,41.8138832602371,40.4040418628273,8.06167199926614,25.8141508592788,2.27096445393434,5.29951289555073,95.7060283931642,36.8769352908504,41.9030320506913,66.7919593413706,7.41748163268512,5.42807821045098,391,10
"10",1981,"LA",1.06901267284731,5.79736451685983,10.2838177340046,54.1877987811934,54.5430058562681,9.58628549999364,32.3566586835401,103.330475651956,16.0795915345142,29.9005856191628,24.4426858534624,40.5792912910253,34.0776977017095,3.62923409724164,45.536494506222,465.4,5
"11",1981,"MENA",21.8506953586154,2.94744973773275,33.2850623760935,24.0516543508113,27.5794409242971,10.2702656216906,16.3470828641389,15.1164368473543,30.7218803459054,4.0585655347998,36.5915154360002,33.8292709474485,25.9217274659363,27.4779639518396,10.2843215706697,320.333333333333,9
"12",1981,"West",15.1826831506037,3.44228018315643,11.6805753601781,28.2173040868768,12.4417690367747,15.7726473949131,6.39683853971762,14.9979073565515,5.99927637144947,42.0805058060576,35.6308832589826,26.7787163756971,28.0500487921966,26.6944079419642,20.4546691653932,293.820512820513,39
"13",1982,"Africa",0.223140379980081,6.86273390792514,1.12005054941117,1.81297666512665,7.40813856465265,5.81847798117077,13.7546193920445,5.3931493597255,5.29948923714763,28.6443536106149,3.56246604550086,30.4672241913656,14.1711723636285,0.059283293308907,0.902724458397229,125.5,2
"14",1982,"Asia",7.3026349268084,19.2108140118282,0.565229632875153,38.4033355191432,36.7328397634564,20.069523641369,26.2600657448236,1.69539709489158,1.74424348035686,16.1766980367353,42.796758821985,20.0186334849684,5.14078261298123,3.36349487725182,138.107783644643,377.588235294118,17
"15",1982,"EECA",1.52890813335017,0.810332837513652,0.527753895574625,6.68322321346013,13.8946962268183,12.6941087712273,3.89016591554672,2.78921311734533,44.088862500035,86.5243698079814,21.3933648181908,5.61746095041333,22.0181775910225,0.916347822265255,14.7896810659221,238.166666666667,6
"16",1982,"LA",0.436011335152067,6.50719824658389,6.26815092173378,19.9961670182593,7.34572824190808,9.49590749152539,41.1843286591219,5.03186369712933,3.14608283613318,3.95409494142894,8.43897394535399,13.1810574393768,28.3483800938833,5.87528436125639,9.5685485489314,168.777777777778,9
"17",1982,"MENA",0.935004805646209,14.6553341471746,35.5338135232641,29.9670357342791,20.9160495665476,1.10898142258513,19.2300214443249,8.9238289049481,39.2360398902948,12.0513558105678,28.8152686202963,50.7779398696217,24.897154185488,0.39426192106511,14.2721958681824,301.714285714286,14
"18",1982,"West",29.2093677583363,4.1425211125446,0.983140417842742,27.8734185682105,19.6242989489403,11.0501430958426,4.34236242913311,7.57883782624055,1.63586117477836,20.6492046871298,28.9509106930248,11.6100253848776,10.8463033667816,20.371728403423,61.5985427995606,260.466666666667,30
"19",1983,"Africa",1.53689250267911,10.076944439967,2.50224239465323,4.37134980399389,35.7635225918842,24.3939020153443,11.5854704256276,36.1156762129928,2.39269961501484,24.8224171830581,38.7916294063049,29.427993025689,34.6564264378713,72.1745407745025,24.2216265037509,352.833333333333,6
"20",1983,"Asia",1.81592089108373,32.4488377082246,9.15452243714502,142.175042151982,35.0022356166411,1.98309369033848,36.4360604434822,22.0113552696864,11.7221164964477,19.1547692783414,41.0290634280284,45.6066583369906,24.1130551512856,2.41389917926399,4.85003658772552,429.916666666667,12
"21",1983,"EECA",3.0679887617677,52.2611784552932,13.0233362320588,1.69178408568577,24.5981976592537,1.61461693364351,16.0312352260126,7.99305474254374,11.6124450582054,6.07649432512163,17.3447833233967,4.04919615569013,8.83364799032678,0.238249247014058,0.563791803986455,169,4
"22",1983,"LA",1.18619518239621,2.61028607572642,2.12187841095216,13.1453001544106,31.6221073378701,7.8516086018503,47.2179503130467,30.9594281382629,28.7771048708281,27.0592791107312,50.084080821297,32.6642582438686,35.2483958560835,11.4056504589149,46.0464764237614,368,7
"23",1983,"MENA",0.244692637138014,0.479733867624148,6.67745635054691,1.79370836453169,8.19473155278811,22.8811331296412,19.8489510498214,2.06079155955766,16.386351651631,33.9689274506351,20.6506590212807,7.47280672975526,35.1262206851202,10.5447877743211,5.66904817560737,192,4
"24",1983,"West",16.2909954178926,2.13948179359657,5.81145329308656,11.9387076779792,18.5659451441319,17.1322767063743,10.1651510461854,4.09916749192764,9.05413370134772,47.241391786997,35.0683878019261,20.2503505050562,20.7157017371859,26.2498122374869,61.8127579445404,306.535714285714,28
"25",1984,"Africa",0.24227565362204,3.97139416884615,2.50484161889773,3.17895252141716,5.68165352850618,18.7260405794858,3.39475878909653,4.13958187617695,6.56397235562512,16.9912252348816,4.73663781834307,7.62571191266045,25.1555400318223,1.60574261836011,10.3150046255923,114.833333333333,6
"26",1984,"Asia",8.50058896718755,8.63253066783003,1.70925460965112,96.3415719212061,73.547867206047,41.0921999655973,20.5220998616026,28.752601757987,0.981306768208165,66.2782226654869,42.9838613673085,45.344648065655,33.0592234605354,21.736543832531,40.1174788831665,529.6,10
"27",1984,"EECA",0.994433741293639,8.0140014606865,8.03945409664673,12.734434212374,40.0184416570025,24.6230597557852,10.7914879108814,6.30344918366434,2.43654850988434,202.895908756568,73.8865290267978,49.9641428329254,77.3047365767018,0.73702278676343,1.25634949202456,520,2
"28",1984,"LA",0.526008806096916,5.10720508143745,0.328513803433459,3.30375436340134,6.89851157333452,2.64461760740791,3.77778836001465,2.450345701456,3.25190550246968,0.765114568907019,2.7033547483013,15.9913761587524,12.3181333493858,56.7581217454054,0.42524863019623,117.25,4
"29",1984,"MENA",4.47554911743486,3.44132942979132,10.8954249459406,19.4905917465624,6.54202425354486,2.712819041532,21.3931038577073,11.3715938242594,15.3931583725933,3.22546318714009,24.3238151827327,41.9571282215198,103.005270603547,3.60436922123748,1.4683589944564,273.3,10
"30",1984,"West",13.5526985469239,4.39698105333806,12.7199453676033,30.5814939689103,15.2089325936477,12.2478358856413,15.3937288031806,8.21802818706939,6.19641829008983,27.9913507272761,27.3761251607762,35.7023514462344,46.535569066703,17.3683454533424,51.8435287825969,325.333333333333,27
"31",1985,"Africa",7.77042927139419,40.6951831650636,15.1826335179142,19.6106202673824,20.5169407599851,7.44804337322432,21.1197438213011,4.47220112771855,7.40716130996543,5.88649445953342,33.9287287263438,44.324262873583,106.214625523415,1.2127938698299,7.17167639488447,342.961538461538,52
"32",1985,"Asia",6.55393838684812,26.3516921846679,8.01176670927567,73.8992266590531,39.8389102272715,8.28661040608054,35.4548341171547,8.50867171988538,12.6203207822511,29.6526333822815,49.2696081059023,34.0897954164742,34.1705661933596,8.37287522807999,15.8315939596752,390.913043478261,23
"33",1985,"EECA",2.46082462605438,14.3690404967121,5.42977714292108,16.5793649548666,46.2610082713386,12.4665384846282,31.226831487878,2.45076970900086,11.2159809451077,34.3141882979432,66.946050073782,51.1720929778805,156.228492781868,5.84314979378002,34.702556622905,491.666666666667,3
"34",1985,"LA",100.092133565744,7.214707537951,3.66693201964642,13.1669136037545,34.9024875910753,48.8504039667385,17.4295410682007,23.4518873649324,7.26959964999711,78.0547838901546,66.3165950639781,16.8267796526943,7.51123886884933,52.6199976764814,2.53508938889285,479.909090909091,11
"35",1985,"MENA",0.806644091313471,3.02197708392152,31.2040679007776,4.96975251272959,27.5260407566987,3.01096311452595,11.249929298996,4.58756709427411,24.0759848345742,12.4771300412937,14.1241198312362,55.4130271931095,49.2518281058884,0.214710072334477,16.1495914016599,258.083333333333,12
"36",1985,"West",5.00588127233404,5.06977128643934,7.45201926938275,35.4053883027366,19.3150196391179,26.8455967578024,12.011868484874,6.20696687867898,10.6922976666837,50.4588194849784,33.8921859185552,31.3473526353961,28.6132207214374,18.3316107363141,24.5082509452691,315.15625,32
"37",1986,"Africa",13.9009970442301,7.70901697269121,4.35071893271859,11.3073677529128,18.4188173445915,15.361660305532,12.9901923139345,3.68825027440121,19.2956023329718,4.59609998132626,13.0199401194786,27.7583321047563,35.6074187088081,0.81750777177143,23.511411373209,212.333333333333,15
"38",1986,"Asia",6.21670282603742,6.25702211226064,10.5276368761006,19.5184357862866,23.3116491408745,4.68548238193133,39.5602069487332,10.5558473842338,18.1430061770708,26.8500075800266,26.2961119359858,32.0823331869283,51.7583348621739,0.843789353542857,6.60771916209934,283.214285714286,14
"39",1986,"EECA",19.7763339621133,61.3121227355705,27.5532303667708,11.6800910089976,44.3636446682278,12.068055164985,53.4976818286089,0.843214807219078,3.04121175674,8.68410352957769,47.2474327478849,8.12742746879472,21.2567601261034,0.669680550005646,20.129009278401,340.25,4
"40",1986,"LA",0.387098040045127,5.22119679040548,8.66012956381328,19.8922283364155,12.4171922267598,17.062249617387,2.6650992573833,1.38250058908928,6.6150400900007,8.41613573194405,27.8582702470782,23.9750957688584,30.0882652493437,2.18825271877013,30.5045791060394,197.333333333333,9
"41",1986,"MENA",4.00019075844312,18.9553230914343,22.5871474869621,19.6672780592117,25.5744572998536,26.1027184328875,8.58652106072803,1.82810029807093,16.4903122023789,14.6766377419641,30.1733188468219,37.9849886374941,14.2899344933364,2.67486298687357,28.7082086035395,272.3,10
"42",1986,"West",34.3697341689677,12.5643298986311,6.56555974386758,30.3986463030826,17.2580121929318,9.83978671521747,4.09189153635689,2.85637422134837,2.99149269310672,56.2190932286371,28.446621104185,27.17995901257,23.5213985613899,17.4219546371994,23.9973682047303,297.722222222222,36
"43",1987,"Africa",13.9673084010621,60.9647508083329,8.9434264138842,10.8424862831475,37.1756787123767,5.20560189657042,28.620515341985,19.5890199328707,4.84607820033652,15.462759333269,15.4920407604817,33.8957307386635,19.6911196822006,0.22699331900704,10.6918747911968,285.615384615385,13
"44",1987,"Asia",19.5860817088524,21.778365220026,6.49232147576803,51.5304958225436,52.117540749445,37.0669132185012,32.7995388994785,9.08696651510769,8.03519256256172,75.2818663508205,25.1367004568304,27.0057908236887,26.6543067477111,0.991762409121125,9.86472846811541,403.428571428571,21
"45",1987,"EECA",0.345145913740488,0.827645319529111,1.17395888870519,19.3881383690522,2.90049504324445,23.7436224064026,90.6597034157578,0.974984399760881,1.96518562565878,42.8523941558937,27.2748034208544,9.43404977302006,31.8481241721668,0.931617052292468,137.680132043921,392,1
"46",1987,"LA",5.87921588092722,4.55214877147742,3.25201666915554,5.52075649686203,15.1945418465593,21.49072238076,24.3859704536546,4.66484950115881,2.96970540626965,18.7343827655138,21.5688610649678,14.8734795057723,18.1806845594479,90.4261476238054,6.20651707366826,257.9,10
"47",1987,"MENA",2.74540371820321,14.8218451945159,43.5415118575172,15.5263453538011,31.3581496483795,13.5010814594872,28.3011609830461,10.72002103985,16.2154512855929,43.4291135590103,38.2893047451299,22.1878873045807,60.5325538214821,2.8679449316003,5.6288917644703,349.666666666667,9
"48",1987,"West",1.42936730217144,6.93660537881174,8.66998455645338,35.9987796391188,16.7095279631248,28.0916008371397,5.39328508460866,4.94049473773383,1.60911563884984,55.0390123940932,30.2253796585207,27.7052452527457,27.0221841038179,20.8688517574529,20.5748514096431,291.214285714286,28
"49",1988,"Africa",1.426819395154,45.3200874887357,10.3316081263879,9.4218214164759,68.0260376652552,21.0605683645469,19.3303195662636,7.15950002009426,25.3823218905864,18.4077366190386,30.7982152303472,17.0925565558444,25.4693419518008,1.86877740270676,15.1900025924766,316.285714285714,7
"50",1988,"Asia",13.5406594133682,22.064987518648,11.721393659594,51.8917607707979,40.3903385442995,5.30271756737911,50.8530632095085,15.6374918963208,9.55208801218835,17.1408041035374,31.6017553592063,30.5142140479456,35.5086215764701,20.7029084970592,12.8713134707359,369.294117647059,34
"51",1988,"EECA",0.950949559551589,35.9801826830678,5.27740063558814,68.3985072837704,55.8053418579863,0.808463059463472,89.3849416112731,1.3591905567059,1.81202882668309,2.05598278681107,42.8107737263402,19.3008382223655,45.9176595464372,2.93508492878167,1.20265471517436,374,1
"52",1988,"LA",22.8493618568189,107.90278733708,6.49418342965376,32.5912307069813,4.58294278600329,3.58304504568207,13.7596096052069,11.0169892315256,19.1281362684355,21.893248322241,26.4457202833084,48.1636989076264,46.4713079244591,0.740113239373287,0.777625055604534,366.4,5
"53",1988,"MENA",0.255181845940072,6.25104999304978,45.2198542184568,6.45722059661174,43.1176862910841,10.4824365173475,2.25193310553176,14.266919720326,36.7765496595513,32.047363674754,25.8984544001382,33.5025074349707,18.734907518699,1.05835035126333,1.57958467227592,277.9,10
"54",1988,"West",48.7652385752067,17.1638337690196,5.17528192015676,17.1460192876054,13.7774573194345,36.9417836412385,9.37587585123322,4.38909076935951,2.62647254452232,50.9281892465875,37.4402187577734,24.357083950257,24.9384683416186,12.1960431224904,48.9351929034967,354.15625,32
"55",1989,"Africa",41.3289018354787,35.8138358498138,8.32927766507417,15.8373076596138,43.881953752793,1.70186569403951,46.0335930441282,32.6819774994802,15.2718502632542,15.6589822312749,24.1788158953028,33.4775128107098,41.1094357469209,1.56061019165601,6.00907986045987,362.875,8
"56",1989,"Asia",0.777093456482364,13.1171622067099,5.80716998790069,20.3840267939387,28.7706237258039,23.537932383785,17.3526213498251,18.5821438539404,5.92781574006283,37.1923073061913,35.0387653248668,27.4951534105748,65.5956164499905,9.65546308501874,8.82860492490889,318.0625,32
"57",1989,"EECA",9.26191453751166,40.7962148071344,6.61348196471302,12.8126697291665,37.528497696464,13.8169729011709,27.5037121992664,10.3684161721881,13.1153947741282,41.5467684794328,40.3132357063248,17.1501878113131,34.0942135772979,5.67602491928434,3.65229472460373,314.25,8
"58",1989,"LA",2.12521790917787,22.8559739419663,0.576421729553517,7.80221748426118,9.07929652862718,3.57701020329017,1.93000657264922,1.19061145839138,1.94149785588424,52.6522587173505,30.064441903754,5.15178583411251,2.3720214955363,37.5793881515593,1.35185021388632,180.25,4
"59",1989,"MENA",0.290109855697305,3.22775656920057,47.2112063553967,29.6717357446752,24.8916362254095,24.460633914946,11.1789368289805,9.86343563447456,9.80483655601456,4.32873076315634,18.183022489208,36.6427879996458,32.1375897117293,18.3255825990759,14.0677130381039,284.285714285714,7
"60",1989,"West",42.3679038184831,7.08081267217282,4.44841965532556,37.8181441420027,20.263123309687,22.1406018622677,9.93430734992995,9.29875446690382,10.5980509913063,23.3285174450115,29.8636414480094,20.2246753841079,21.1398642657903,13.8766774866367,43.1165057023652,315.5,36
"61",1990,"Africa",47.3749316457815,102.413078611942,41.6242067815084,3.44538306726465,166.197265149698,7.9169762928799,11.4929807580858,13.9834737727875,10.6980758093537,48.2348150282957,65.7160462054434,30.3739367584546,19.633239173762,2.55756666592394,27.3380242788178,599,7
"62",1990,"Asia",1.21890132665716,24.2820175788926,2.7418022225979,22.576369020145,29.8612747584227,4.16202867290182,14.8010417389336,4.36790679997513,8.58980560491529,21.7165168449442,26.3274189630069,19.3276603224447,44.6113876544136,21.7252523711774,26.5424679724239,272.851851851852,27
"63",1990,"EECA",1.84758548202666,83.1426029505863,7.57477975894165,22.5685692410532,14.5646972380836,11.9035234489051,37.3850633014006,8.98216725981829,3.65889227206053,35.8688786571123,35.3081399710091,53.1759194849239,26.5757559453109,0.815268807664263,2.18371173665917,345.555555555556,9
"64",1990,"LA",3.55941970628558,28.3296854184688,3.22990536368576,10.0143720127177,16.8070798268582,51.378458429156,3.53131017624762,1.89177910419318,2.9674103642193,67.1150354845218,33.3501935326708,13.6117339049179,28.0566364727745,0.969723042771398,17.6317016049557,282.444444444444,9
"65",1990,"MENA",1.7170555506286,3.60001166547884,82.9436045551307,11.3288042521511,27.2493682183418,20.1294589391705,18.6991033189639,13.3061429756643,35.4326652475386,13.8484920186286,33.9661231805593,37.8597660823085,42.0713445975371,1.23356236661456,10.3068047235913,353.692307692308,13
"66",1990,"West",13.6253049484376,26.3415396156147,5.01819021066965,20.2731412081013,15.8605885891934,11.4204570670034,17.3545136744234,5.47592891321681,8.61006021199709,30.2432642091228,30.7262536366872,17.8194804461269,42.1943946558976,22.1106061882593,12.5814488390418,279.655172413793,29
"67",1991,"Africa",0.45987596111918,11.0494379080084,9.01739650572893,12.541860239294,24.4100261150707,5.41574953593799,4.14286412440171,17.6168698841819,4.92057902266565,7.10585390134421,18.6535893036787,20.2171711643161,13.6461107731485,22.8518558196076,4.09361688435347,176.142857142857,7
"68",1991,"Asia",6.55911554718463,23.6928530811637,5.59916602616624,27.3756027508552,51.4488877155137,24.4795783834168,47.1333491197857,7.8978334151396,8.53265064380742,26.3301651728126,44.3129987198763,19.5037592407862,27.8264708759122,8.48692774712076,33.3591030989206,362.538461538462,26
"69",1991,"EECA",22.5425891060242,82.297076952598,8.80226186836445,7.0309652865871,7.39302651119064,47.6136513163612,4.91776669910641,4.12300343786507,3.44332146269407,46.0498094315314,22.9091458420639,13.690464639191,19.3625988073303,46.4385869201099,5.38573171898258,342,5
"70",1991,"LA",3.3524887134558,77.3186996258972,7.04554131350185,2.66851805741376,30.9370592556861,0.928583305624909,51.2265594911763,68.9821542220554,20.2299691389223,4.01266714128014,21.5720235851494,21.8627608138114,8.69089448226375,0.703012074644045,29.2190687791177,348.75,4
"71",1991,"MENA",9.14637763182302,15.1281169748923,41.364478479854,7.48615461120257,17.3822317368873,5.98304558826756,28.4957181158855,5.93681599311045,61.5532899580649,5.49355972647132,27.6119759821796,21.8709757911344,45.1734655569256,6.57796146326697,7.41121700541898,306.615384615385,13
"72",1991,"West",27.5696588057823,8.16800517204631,0.938247115926694,11.790255149902,8.74504375081658,6.34374103129178,4.2327088605065,13.404770268038,2.71161973252653,21.628726709727,21.7337220809692,17.6580529184498,34.3372386155487,10.6701604680177,13.2988185512201,203.230769230769,26
"73",1992,"Africa",5.16159385971852,45.4382717642857,36.6239408637081,20.2382112080627,74.9751950154014,215.70524012671,22.5362855234537,14.9910030239543,18.2805112937576,307.514680601775,66.253946057564,23.745460725991,31.9264274741031,72.0563383685529,7.55289409296198,963,8
"74",1992,"Asia",2.42852172968785,7.32875487126025,1.68108352312247,53.5146009371883,19.220621498546,1.53857701728495,34.1891140276299,24.7949845716132,15.2444740717248,11.4290168182003,25.1646905161792,31.7250295361128,9.25243005104564,0.890910532831999,19.1624076888766,257.565217391304,23
"75",1992,"EECA",7.91044510724399,8.31291299082793,4.54119138769609,27.886622733072,34.5318083718216,7.9205832129776,44.4379469003728,41.3279811441613,17.5610989796841,20.9503540961217,27.4956295070225,25.1938607386756,24.1781576857905,6.26178729675392,1.98961984777838,300.5,8
"76",1992,"LA",1.96312285015067,40.4745992525653,8.08014696931688,32.4098289009921,22.8768401820762,16.5459121687519,45.3914882425578,41.0011965675224,23.9519666468361,76.8610495681155,38.8670833711568,47.2073635291881,21.623601312212,1.50822920719657,17.1125712313615,435.875,8
"77",1992,"MENA",17.4614473964312,12.7865447318868,13.0674586073378,18.3159695700176,18.3731999703858,7.87464787838808,9.14868648627977,48.2946308387772,44.6034931443704,9.71875248170379,30.5260696282187,49.3382082612203,31.3360585575908,1.16918092094984,2.81898485977523,314.833333333333,6
"78",1992,"West",38.0017662291536,31.3864550543532,7.80225307337726,21.4510545405628,9.12646327506529,7.34232479084806,9.81689008103454,22.8716031767479,3.63228260075659,15.7925256097571,23.8693583122062,54.2647772967688,31.76233416331,18.3072527168301,14.4673959213339,309.894736842105,38
"79",1993,"Africa",1.17829552206374,10.7681700916701,8.48613289476453,12.2342101389593,27.9412610613399,25.4060169640846,6.20448065137097,4.91930778690756,31.1605893706085,8.85903515271593,25.4804789321365,10.6399214813594,38.2648324659557,24.1884216251846,37.6974172894498,273.428571428571,7
"80",1993,"Asia",3.16933330940507,40.8694724028697,7.31251009362,68.1266836030444,62.2929723006322,16.1314752791759,33.3704331197946,6.30180277937461,3.91998007302133,36.509874981163,58.0514727151295,41.7171328046318,25.9761162193476,14.4168807169511,16.9877057556854,435.153846153846,26
"81",1993,"EECA",5.24985047206169,35.4255493844691,3.42009414648586,5.88096881294775,16.5435611339697,10.8198218567029,22.2105205947245,40.3434300871941,44.4084276173269,50.3777057231975,36.5136321367232,34.4912621192275,40.460758415459,4.37579186069295,2.16612563881733,352.6875,16
"82",1993,"LA",61.7414250482137,83.4416040553045,7.75513516166812,12.819975273726,4.73435955174695,9.5695190915893,38.3158157916482,5.80101663524633,22.0103341653313,3.45209344017119,12.7507278085967,16.2302498812997,14.6862174063606,7.31033183458339,28.2383377116571,328.857142857143,7
"83",1993,"MENA",6.37945133545544,7.93914067782428,24.3234854229377,6.88914124958861,21.9987957300928,24.727756840259,4.09877240961491,5.29652160221068,2.82492001310158,101.793716011634,22.607875310157,28.1448281786982,3.1571128102495,0.310136072647381,1.75834633552874,262.25,4
"84",1993,"West",38.0422194289792,22.5605586035916,12.3229120604662,19.3121033416443,12.7588284586373,20.6894708924631,8.37832298146468,11.6498661619577,10.1589625055108,17.9817931026611,21.9540418314952,40.7244161154562,47.7448320850715,3.67315676699224,22.6485156636088,310.6,25
"85",1994,"Africa",6.52535362277456,32.3522979045936,21.1316020715426,8.69526913584236,39.4936119453649,22.0033749828035,37.6251705855632,22.0847839566997,18.3546917288142,39.9206816723919,44.5362841829685,27.4167141809322,56.9163787106156,6.20481824822689,50.5389670708662,433.8,10
"86",1994,"Asia",6.21336081620537,54.0799277306829,15.4490588331084,32.8165556495501,19.3574387289144,3.49942584426262,32.6506194507708,26.1261153344447,11.7545707935885,10.5790372715906,21.0961373442968,29.930182472281,29.0074358042292,19.2623131368839,11.4192000995354,323.241379310345,29
"87",1994,"EECA",9.37378471200768,10.2927221486615,26.0291161417265,6.71887596009751,27.6531745678001,20.2501225556258,23.610883985289,46.1588030152909,43.7598924102483,69.9836178457952,41.6564196406831,19.4923123114852,37.7132035818642,2.77034255737678,5.16172856604822,390.625,8
"88",1994,"LA",3.56605287789391,111.502867514076,4.19086099736127,86.7097157418852,19.4853890098136,0.400730404680707,12.5992628012553,14.8250174203675,1.20214412819725,1.32727015186014,12.7771789227893,26.4488063570072,21.1914102404923,0.336883136170397,0.68641029614978,317.25,4
"89",1994,"MENA",2.11333136574802,2.63368444931402,36.1237852806357,10.514217399795,7.15180929734488,3.48020951230552,8.2148781841256,10.4623857594454,26.882794191018,1.98544717190615,15.1706455882736,33.652403959299,26.6447340054878,4.78433913339251,4.08533470190875,193.9,10
"90",1994,"West",66.9980162209452,9.31058543096989,11.1960888320373,6.4065767034474,13.5440297880626,25.5397846229827,4.30561572827332,7.10927453030965,3.66220768127343,18.9100289724978,24.9386952937283,17.0553782608385,17.4452595073711,21.6722347732062,34.7062236540567,282.8,45
"91",1995,"Africa",26.0869667922398,67.021732537513,1.53189820696801,13.746203065816,55.0122024790621,1.51129129031162,9.73787390933837,12.6298131378342,20.2662693619284,1.40561951519593,25.7331231550672,45.7743045469915,25.1076880570627,0.582186195557521,10.8528277491137,317,6
"92",1995,"Asia",3.35624664661823,14.7285573644724,4.90676660051857,18.5976407975348,8.64134343904562,2.61867162323838,14.670876373257,12.2110313657364,13.2361642639359,6.69429110101675,29.659696398945,30.8673993201478,80.3555775722448,4.52322399716283,8.47917980279219,253.546666666667,75
"93",1995,"EECA",19.2628133961705,26.9950016329456,6.48870580419689,5.73966994821476,10.8460008385744,25.0145708831435,47.6334500121254,19.4029566633565,40.0518549667713,31.9329323218065,25.1791697068895,17.8206277219014,33.6356333532089,11.7982338091356,14.598378941559,336.4,15
"94",1995,"LA",2.66260588650163,25.6947218867472,7.7069945361253,32.4443617800022,10.4715559840734,36.0552204390678,55.8857370069112,13.0164092354328,6.67026358985201,27.9110421885986,18.9973773193912,38.053663076835,51.6894849890328,6.12562591858561,13.4720790199861,346.857142857143,7
"95",1995,"MENA",1.66184380441921,5.23424317579257,38.5090024301705,15.0973701828644,8.43498593940914,3.24333257851831,4.43779592541508,11.6299290865059,21.6853229687834,13.7497293101211,17.2258640142483,31.7714158666717,21.0804997325753,0.493068501365784,4.57892981647273,198.833333333333,18
"96",1995,"West",40.1473602886674,9.12135741696356,12.1439191709602,19.6506851864183,9.36122246121814,24.6724211761371,8.10392294439722,8.82832937834103,1.97249901815631,28.1942364122925,28.2890482088535,29.6623471264328,14.4449040842792,9.40314312270402,17.8046040041787,261.8,30
"97",1996,"Africa",3.62729509491544,27.6036869297366,83.5982378214252,5.50585453855286,76.4329280463623,0.515473173354554,5.41337124779155,93.9609104485134,3.90389801953006,2.07760650329739,32.4499083293025,45.1268317025916,17.7723922476805,3.43666982059409,5.28922179063778,406.714285714286,14
"98",1996,"Asia",6.32048052388311,42.3340031557539,4.31716772967135,42.7712198494144,35.3473895099937,3.39438459969331,21.9888219710516,20.5510443723551,3.42643527183986,7.73313237125603,37.9421969007316,24.3264837188164,34.5235942853911,14.4661483673441,49.9949973728046,349.4375,32
"99",1996,"EECA",7.96097785539781,49.5816974656493,2.60352019381599,58.5761002139118,16.1533273686904,18.7402889412235,84.2855388492069,37.4027157387962,24.8765833679298,8.78935323178599,27.8274038156892,17.0882295905497,36.1774675860157,13.8229980120715,20.3995120549807,424.285714285714,7
"100",1996,"LA",41.7758407118641,62.7163143889339,25.6802410383847,20.811465661891,28.4989701649442,0.855146296091754,9.90056104332141,7.40371782108553,13.8466361875314,6.41507081991275,47.2295258056116,26.0659298841971,36.066142706825,1.00448925544293,2.72994821396268,331,5
"101",1996,"MENA",1.17227162485492,11.1980777476902,74.2000910133828,15.0474172886662,18.1617540414524,2.97391942995191,7.89534213379411,8.03475231970775,7.89638549452327,13.1447778337074,29.8739645303604,43.806843282318,32.5179156363692,17.5143525521076,8.48521199419096,291.923076923077,13
"102",1996,"West",20.8933335609988,3.04506174526704,5.20358536084596,10.6335230944621,34.6596916821742,18.4255010023581,7.71733881903368,9.70289648055811,2.80636102695976,23.7588224531281,37.6523022131855,9.52831728487521,3.73336861731309,43.4690901086683,18.4071701865357,249.636363636364,22
"103",1997,"Africa",60.8628992539945,32.3482715850115,1.53598275763073,1.39862321696903,0.799078401861512,0.230128061772307,0.6855178804605,1.50232497794697,0.450622124531922,1.95646173683262,4.77662797478083,6.90190533514579,13.9390081082335,11.8176228445781,0.128259073583498,139.333333333333,3
"104",1997,"Asia",33.7629488567359,8.10626535289014,1.1038648232171,68.8625833923304,54.5403483665173,17.8199922428458,43.0988089159727,12.5867743823073,5.83439566714325,3.4572018337281,33.5935234615716,24.5261762313411,19.0730064872723,3.78031393692043,6.58712938253983,336.733333333333,15
"105",1997,"EECA",0.321648056264781,8.25234245773095,3.51100626228599,6.92677338926693,6.52623676922348,15.2416422556701,2.89173780782393,23.565930554741,3.68810513703417,13.0856735469703,11.9289033142896,8.44270362934983,47.3660004556856,40.4243869548831,0.826909408780271,193,4
"106",1997,"MENA",2.62882430966902,20.4757913802176,60.3502659921687,1.71786178897689,8.13348686377443,1.11716718747014,6.97940892992949,14.2386490630534,49.9321204644059,0.879063302432132,12.1404873527444,24.1245413251548,19.8024486532809,0.99708640666053,2.83573815653212,226.352941176471,17
"107",1997,"West",25.3151812664251,21.169282718145,4.04905219975372,32.2275543675568,25.1250483301029,50.6726652475443,32.2026959037321,5.8011459912288,2.45523254824627,44.8531333742799,50.6789157991503,25.6018832608798,23.7788170749149,22.1613362196903,9.31982040423206,375.411764705882,17
"108",1998,"Africa",21.0750361900035,69.0544276207391,4.73061277813467,9.78697608925881,27.1687547513236,3.09283079255182,16.2283349802418,32.4317632119559,17.55134977833,4.52671859055458,33.4897608495048,13.5932593159684,23.5143501795643,6.14567193795173,11.1983882280348,293.588235294118,17
"109",1998,"Asia",22.7970978951999,55.0941573809315,7.79796053163877,47.6666912366852,49.9255225356351,10.9553340700194,36.4891882248521,37.3336361487338,21.1998016362185,15.1019629360201,45.3617371451107,44.009257314964,42.192200734262,17.5846496648844,9.49080254484456,463,23
"110",1998,"EECA",6.59853323398139,10.4035504120224,1.10502455999213,25.3706892761615,30.1699120440686,1.63887874481611,132.601534294467,61.236996073508,19.406179640548,4.65515951285825,79.0067200113016,22.0250790617497,44.4380799909414,40.043321522375,10.0503416212091,488.75,8
"111",1998,"LA",2.80840710096349,16.7118793158517,2.89291584594738,23.737803964091,18.9826391582652,1.97819242132435,39.5797064165464,44.4458311167027,3.9717071545663,8.98549063619472,18.6651116556256,13.7398687294198,14.5863372181548,15.4884152995365,6.36319396680998,232.9375,16
"112",1998,"MENA",6.23070510998821,13.6545426390074,60.6799726154434,9.19462219210373,38.539369289142,2.70111711441437,16.0869125651253,19.5038830848142,27.4959050870541,6.71871955102567,37.187039984206,43.7453730952095,25.746994631423,26.9710289034233,11.8379317846786,346.294117647059,17
"113",1998,"West",20.7223439419445,20.0102472103191,1.74469027898505,17.1507405191622,18.6505969219821,62.8971407108825,3.22860549065643,12.5980271018633,5.18246429487444,49.5757985775661,35.6136200234888,19.2946643989811,15.7181210436432,28.4436981882702,20.2855203671484,331.116279069767,43
"114",1999,"Africa",29.4942386104625,27.2875296607213,23.4584128941682,8.14174905968283,51.534901466759,0.982260772090605,10.836073162417,22.3560504535202,33.6561190406436,2.01701097604168,53.2194064972364,33.512628885774,18.2262045055559,1.34892251929638,11.7618248289638,327.833333333333,12
"115",1999,"Asia",22.5455598252059,12.5469088931382,4.96126784520903,28.8396733926828,48.3986579222748,7.05148230244121,16.574718669263,8.47457084458081,7.86286989807676,12.8748764107044,34.9308910763573,22.0373517796181,22.4761119331911,7.35632201994929,29.4626765812468,286.393939393939,33
"116",1999,"EECA",22.629473344881,66.1455029890253,11.0253463559901,18.8132451823944,45.6865671559052,7.25515956218417,33.919599379822,18.0149620345797,59.857739482144,5.9882672887567,28.9913615363889,12.3382929032693,47.2860756504577,15.5553949914101,5.72378137356059,399.230769230769,13
"117",1999,"LA",1.95998141966508,26.6668770397123,1.17120925436074,23.2039924487928,36.9039775713806,9.24336649169635,21.3745712976317,48.8444710508221,8.59617614909664,12.0984177888355,27.9896627562107,10.2556048170998,76.4490313775966,30.3274280065916,25.9152325305074,361,10
"118",1999,"MENA",3.05745561744395,5.37238574454819,50.8520190742241,6.97347639278268,23.7444018774226,19.4870456993431,22.655707247921,12.2479552667224,9.22571528748112,20.8297517611538,22.4017324441327,27.6122826340891,64.2485221136124,0.845280377081386,2.44626846204143,292,15
"119",1999,"West",38.9841060279151,5.55916932945139,2.3953293797537,14.6507817342133,7.35089602199043,8.2917801383205,8.011120178521,3.27460670454404,2.17694602217857,10.3979609148633,27.9625482236895,13.9443733889091,14.4983341200936,81.2957144204574,6.13736787785776,244.931034482759,29
"120",2000,"Africa",44.2506259874314,27.6638688011753,7.60095724378742,3.90555853462296,11.6754193549125,8.55519033154613,2.46309309726692,17.084252172034,16.6883641989876,1.60941519305283,23.8887822447714,16.7306137915418,27.3727868622832,0.575441594532671,1.22134487776825,211.285714285714,14
"121",2000,"Asia",3.85427309325945,15.4862283353195,11.3298862429997,37.1612753388956,27.0063826366732,8.31097959453395,33.2757038653397,14.9713354114469,6.07929655298119,7.67474724495571,27.4496159327473,36.0457295610923,39.6887978552116,9.48916255860365,17.5402221395766,295.363636363636,33
"122",2000,"EECA",3.31272473384459,11.5673335038352,3.63550394049147,33.9353389086787,35.133035662419,83.9251102339016,74.7713465078462,37.4839266976695,23.145245884054,57.3389660063829,52.571545050167,34.3369360507137,44.0638435077057,4.89782417619314,11.0479858027639,511.166666666667,12
"123",2000,"LA",29.022817053664,10.3789241960337,3.31397812871965,29.5169666549774,64.7369957223589,20.2983540090149,70.2866044276572,19.4068104622496,13.4751909021223,10.2000363217916,47.5420455673796,22.0960927528167,85.459649707738,27.2765513892022,35.5274442427361,488.538461538462,13
"124",2000,"MENA",2.10131105278384,7.15567448692471,43.0965540255073,13.9121433384499,15.5800588793411,1.22188870978422,13.7028614411623,11.7836354325118,9.72940163234899,13.2124232987903,19.4070682788755,43.5171658490045,33.2706832437103,1.92270513617094,14.3030918613009,243.916666666667,36
"125",2000,"West",21.1362504124032,8.58379354383897,1.49461104927648,25.9731329699232,17.9921171633504,13.1952202865916,6.72139705186358,13.4356732233378,14.5283126008634,25.7728735681475,31.8768029053397,9.88385201281969,19.4842817801038,76.6041425822736,7.81753884986707,294.5,52
"126",2001,"Africa",53.3255116424018,75.9235952511085,5.17820384726013,4.32156001077826,30.8179397303396,1.30215393100332,8.68206526976101,16.262344483425,2.1421416039315,3.57620911513454,24.5301797365245,10.7851074881056,10.1397367520654,0.635309848540943,10.1426471719728,257.764705882353,17
"127",2001,"Asia",11.052086737354,40.0172641646264,8.84276166773268,53.5819723064827,49.9126305280011,17.9470386776705,35.968095184858,22.628476810007,4.12343936922555,11.1665083896179,53.1733544143435,28.3193307555248,12.6879484375001,6.80839052391194,32.7207020331439,388.95,40
"128",2001,"EECA",0.850708052538291,1.51335215228756,26.1554695204892,4.69819590691773,26.524753612476,2.03268450626614,47.4972422048372,78.8319506904331,28.0733376594327,15.7328522232748,37.7806228384479,16.9933012047838,4.95535770468068,21.8595198547291,22.2784296461836,335.777777777778,9
"129",2001,"LA",7.02128571232241,4.84837547189491,10.2242163859943,7.87959161934924,61.4036649389106,24.302210048576,26.2983201799004,18.1990764648154,22.390743483322,57.5875174586986,80.3796845784731,35.4510137646889,29.8381084787852,7.17668769425283,27.4439481644606,420.444444444444,9
"130",2001,"MENA",1.39388687965678,12.7660818895968,53.5038064177094,14.9386439773977,38.6444852524507,15.2621768808185,24.6156475872497,21.1660066936119,50.5807577335374,9.89966776785088,40.8143463495176,45.8067243005656,31.536735078096,4.17061656351695,15.3726388506463,380.472222222222,36
"131",2001,"West",65.6984018904992,14.9573353183432,2.09867903947257,23.0680528795244,24.6681335080862,17.6614088604688,17.7837378509554,10.0378778692961,9.57424066440969,32.8252479820063,53.0734734307306,27.4666852889225,26.0507825895949,17.1042939843482,11.1478650595582,353.216216216216,37
"132",2002,"Africa",27.2800197442095,43.5359999343859,16.7526258080271,12.4813732216853,58.5303100265177,4.14270303557818,10.1098498591423,60.0526910139136,20.7984737572671,8.83516323879403,39.9434144808002,12.9127180312403,24.4235532564079,0.592084886413985,20.984019705617,361.375,24
"133",2002,"Asia",16.873345017467,19.1988941074986,15.1827383641475,15.2647438266552,23.8672564191553,25.6022960289728,38.7289787119578,31.175794832298,19.9952055020355,15.1093968985717,28.0405666011023,18.6165256235636,32.5833182049839,2.49527841155141,15.2393456605657,317.973684210526,38
"134",2002,"EECA",5.91815257195164,4.82768679200403,1.86482988078258,11.7457593402502,20.1801147445981,14.8760469260614,10.3306785544584,5.63674602343713,44.5207905580266,6.45728502280743,32.4215655533058,9.2658269031532,49.7178901517976,65.0012213329782,16.3263147352969,299.090909090909,11
"135",2002,"LA",6.30385783703337,14.9594561848608,1.7467660189143,3.48501528818796,83.5640369945419,26.9715410697268,61.9559757816317,141.365427991287,13.0592077898177,13.0347852825228,45.9367481342043,25.0794896572874,7.84244918866483,2.52649974349026,89.5973144664,537.428571428571,7
"136",2002,"MENA",5.15592246526379,23.4729074994848,33.7938865169638,10.3857598104845,29.7240883422473,6.57826236648077,11.2809502102767,11.2922218652516,33.6731805268749,11.8223314211093,32.7812675830904,25.451324836055,25.5682037176478,2.53019068724571,14.2279636899853,277.738461538462,65
"137",2002,"West",42.7524359290234,11.4147039638094,0.713746956127614,12.0725244545676,10.3940097712127,10.8885747666805,8.83240763933327,4.64593809453506,1.2716818663891,9.63306224141219,26.6807616638748,15.3758363389628,17.0034539145453,36.4493158621233,11.5286893945459,219.657142857143,35
"138",2003,"Africa",1.07070519745829,25.9810739901336,22.4673328839476,7.25393996299731,34.7248231717823,4.10885567895031,5.7161471821399,11.9924450863168,3.05324503114023,1.9763606889002,27.3222698688561,19.0287810138836,19.246801393155,41.6117536296194,3.98392675918079,229.538461538462,13
"139",2003,"Asia",16.1799750735324,15.7669819791687,8.36507916929191,35.0813478564211,21.7237321428958,4.84395256005111,23.9202586570227,11.1890161298474,13.2593714967465,14.1900168053174,30.0409246387359,16.5244516378698,23.7779000777273,11.318957326565,9.5421723798415,255.724137931034,29
"140",2003,"EECA",3.56371760510455,50.8181677887587,11.6035934300247,14.3079528808161,36.8377153782608,52.9753467088068,16.0523182843547,19.8723015977486,25.7766632667445,18.0073399125218,30.6081405019836,31.9044508629745,18.3603451570778,0.962813973427624,5.34913265139536,337,10
"141",2003,"LA",27.5326803283606,7.09666343153356,0.586797594941646,10.8259847116133,4.23372085101262,5.26047238943793,42.6446077634749,25.6925320186809,9.42492429204721,6.03648880802179,18.2733030145503,6.85004912536561,12.0316587168768,6.60882271379107,15.8243711633688,198.923076923077,13
"142",2003,"MENA",2.49445926907743,16.703682571592,31.3427699466307,10.1014338977863,32.3757613784746,3.94758329993733,6.90141265779319,16.2587714272559,44.5905975460854,10.2314219942703,36.8382350517563,35.9089936973568,33.156767133692,1.66661229529427,9.04967965117937,291.568181818182,44
"143",2003,"West",64.8826354051058,3.34544192529905,8.20057791019164,18.6753000248934,14.6898913058911,12.760832540883,9.08558907974846,4.10872399675047,2.43763378302074,20.6700968513985,27.432813094563,18.0603275726507,21.1724209997036,33.1980466868389,15.9939545373472,274.714285714286,35
"144",2004,"Africa",27.7319610678983,57.1473015930256,10.4454120885678,8.37272959706064,61.029192011947,10.4753692265623,30.6405601421414,9.17969456732842,11.1418121103391,7.33292891737457,59.6056359349857,14.9313973536293,44.3265332847299,1.15689057899707,23.2825815254128,376.8,15
"145",2004,"Asia",28.3096765398371,20.0747170224725,6.76347040281977,32.5728469323779,33.4438499476628,31.2008765388971,51.5979107800631,14.085809677686,4.33848163417322,35.7102972408516,41.9757327648876,17.0919433240718,10.570091121308,3.30299214608069,9.29463726014411,340.333333333333,24
"146",2004,"LA",8.04239793230394,31.5714042922581,1.72918461240589,14.7902249605173,49.4927787253864,6.44170842369514,59.8466864858739,40.7519304840307,8.35969109570345,31.5374482674591,49.8745771265716,15.2768006615602,17.6818263581188,0.926036822461923,15.0523037516536,351.375,8
"147",2004,"MENA",22.9809755698836,10.6912725295562,40.1072439279966,25.1858516988147,42.456496306371,4.57697448320811,15.0580261843891,28.9795111990056,58.0786588348078,15.8489003529548,64.4306130146837,39.2007939736775,46.034190005998,4.79634274598708,14.7439604934209,433.169811320755,53
"148",2004,"West",13.1720234889803,3.5654624372771,22.7386112427633,21.4835295818889,16.7907752741605,42.957186708632,17.5262414825164,21.4767075478656,4.50985447252783,31.6253568262184,32.2096027603158,18.9485462594432,7.84345875077706,22.8833015623354,18.4360082709651,296.166666666667,24
"149",2005,"Africa",7.33683986171101,68.0946955518019,15.8263299911696,13.3820149607892,66.2077878749382,10.1684065722803,5.9365638433368,20.0014749889972,8.33184828479178,16.5739091817073,32.071524663368,27.7030606218915,41.1338567214968,3.37665837556671,9.65502850615388,345.8,15
"150",2005,"Asia",8.95879426191039,3.1051414752116,5.62581252808325,28.7849289252717,71.6934070968669,30.2348970562652,14.2785344397377,22.5304922446914,13.3570212240174,36.0502350563717,26.8354423271735,26.243803910137,28.8954524100871,2.7233335280353,23.6827035161398,343,20
"151",2005,"EECA",15.1216628250562,16.0464890902867,9.62841582848476,46.1138848993769,17.0890649720775,14.1708692073752,7.89982220543547,6.93916400831516,6.46191004769134,2.55464059253242,22.7278431446989,26.3891966369703,82.9778700668864,0.790529083351846,1.0886373914608,276,3
"152",2005,"LA",8.21023631346188,32.4855537810738,4.43034521343581,5.81792848003829,48.6566889782837,19.0804491624474,26.7860807081795,76.716538610223,8.31751541376985,15.8601349385192,32.8468390130194,36.0522429307271,37.5750658433318,1.24250764911879,9.47742851992586,363.555555555556,9
"153",2005,"MENA",5.26356417118816,9.31097779027245,35.6090226512035,12.1219347091695,35.0434816306134,8.71105848037885,19.9690839808059,15.7825320174296,63.7018025932064,9.46921823321695,36.8630762685388,52.0523038177882,57.9308109869118,7.63783102773783,10.2952064034434,379.761904761905,63
"154",2005,"West",40.1781648940211,4.52859903432105,28.6027011642859,25.3969555559518,26.8177035003841,38.0150315074492,7.38115875111084,4.07181505226512,1.79731334836595,37.6952868574547,35.0214340325749,27.5921609155754,16.977054646124,4.0233933912531,8.84567179330721,306.944444444444,18
"155",2006,"Africa",20.7989283195727,57.3921343673497,73.1792181067585,8.66562204944792,109.891953763806,24.4049455145859,21.976019421203,14.4618466286351,24.7306357464032,21.5816744831768,73.0094350588482,15.2453545912175,27.6601039490416,7.92615577106721,25.9093055622199,526.833333333333,18
"156",2006,"Asia",24.6494941487466,44.7295465476657,17.7159615451052,30.0095018728919,44.8011393922221,7.1400278924717,25.4692411897299,22.6930737081633,6.61993492583161,18.3233545041275,43.8863098218279,18.2105467821954,17.9948141465907,1.39261590559636,19.5072947596912,343.142857142857,28
"157",2006,"EECA",1.72868918793051,5.21050427848265,4.31603259984924,7.47699428463747,23.7409218719988,1.61257682922416,5.06805167367818,17.9821653159215,51.5492102719316,7.53441612221185,18.7376876160375,12.610242181867,47.1362311057897,45.3689225413464,5.42735411909326,255.5,6
"158",2006,"LA",15.454321182091,35.3888995722209,7.79833463966612,12.6761794463829,38.2842820551189,28.2019779186284,22.5101973291665,40.8978318450069,8.51583832664039,16.7382233637628,50.0291667657147,31.1516122421948,67.1229088887926,1.32011402617913,9.57677906510071,385.666666666667,27
"159",2006,"MENA",17.8823462461313,8.69435310480242,42.2010952829198,19.2722324298203,30.7088331585284,9.75023234742245,15.8035305214446,25.553287598237,39.8090490157805,21.1889924879565,44.0761752425297,32.6828604792099,46.7651047539071,3.26380160522134,7.22310572608871,364.875,40
"160",2006,"West",24.9433975172889,6.83714638368347,17.7579060487373,48.7993875534455,23.2800156985568,41.8217799865679,13.4080658893621,8.63802624705077,3.66256637977648,25.1119827122264,48.3014610753968,16.6093147061256,23.0915822739328,17.6019303827386,45.8427542182812,365.707317073171,41
"161",2007,"Africa",16.8993038063764,54.4651197993871,29.850604024639,3.94652830974185,26.8863549999641,12.1673858007726,21.3538002472239,15.2649714486441,17.8220023145859,22.6675001506983,33.2959596205097,15.2414271572779,9.18182287544922,3.70890586725273,30.0816469108106,312.833333333333,18
"162",2007,"Asia",4.24510227573663,25.9042885468299,4.48118299041607,48.7696067954365,48.7921205254095,5.23152778357667,31.5175140607384,13.6956938370376,10.4415705842446,9.00027703533848,37.2271174960775,21.3381271854297,20.0015221462997,14.0939450078417,9.52230849149162,304.261904761905,42
"163",2007,"EECA",4.035006938521,14.0411157543898,0.548200207742533,2.65027213477831,34.1124447302046,26.5069082728762,50.2040210725006,7.87710313749417,34.5087758702793,0.824243781291735,8.04507895829586,7.11356640752435,16.2095663594895,1.23008860392715,11.5936077706849,219.5,4
"164",2007,"LA",8.70103670730834,33.3618272570795,16.3529787429559,28.7129942295829,39.2458267719849,5.35283152039303,10.965598095397,33.0419867067972,10.7519171683714,27.2057984828054,29.0486245265853,33.063822269721,95.0830125881137,13.2116908818297,27.6273267783475,411.727272727273,11
"165",2007,"MENA",5.75437889183455,5.85535981704595,43.7162137836578,13.1021792703672,35.8597864216009,9.74187973967002,28.7858240210689,27.5208869202588,28.7550169541663,14.1095129103107,29.8195633165483,28.0715498398127,34.7116788475196,2.26356964495733,9.93259962118097,318,34
"166",2007,"West",13.3827405186203,7.69656880991693,33.1655039300368,25.6968577211403,19.616427011974,30.8237374117426,4.20380057135772,4.87301463196662,2.25339743669247,28.0454728329779,43.2048691444682,16.8736446764901,25.3117875749911,24.5693728424474,41.9256620280346,321.642857142857,28
"167",2008,"Africa",6.12053653776296,24.526683930406,10.7791722889296,35.2399310733043,25.5534979040008,2.22091170736467,9.05254648930003,43.711692661705,19.8133719189327,12.6473640508544,29.2984126940825,25.7290648954656,25.2180069727833,1.57658053411403,4.97376480253251,276.461538461538,13
"168",2008,"Asia",3.19280610327683,17.0549810120518,6.35353955749679,40.1439491102899,36.97638370201,43.2007206964107,16.9400090346782,14.5859287521224,11.9001711373738,29.2259375794908,42.2711524525318,16.8635521241118,16.1027207602963,51.2788626876861,20.5389149198023,366.62962962963,27
"169",2008,"EECA",6.3506677678756,13.1174609154286,21.201872157037,44.9847302927947,31.3634303417305,64.6874027106172,96.1460352639905,7.32557806804634,17.8866576091584,62.7732087314361,78.3603592571659,28.7883248749049,74.2000919298989,10.7855325501755,113.02864752974,671,4
"170",2008,"LA",2.26403193367711,35.6157707802754,1.64537559899132,6.12483198855715,26.364382152591,3.00540574756062,33.3828599027991,19.8659061457702,13.6172168033705,5.52965184185194,25.9568952219494,5.40444336324185,12.1274066709446,30.9111048328114,53.8770247079161,275.692307692308,13
"171",2008,"MENA",14.0686795017256,9.33176998508937,45.9470698888772,14.7182821753388,53.1504642192255,2.14641547457361,17.9752960417855,26.7172757864321,82.9183194128145,19.5117233753576,49.9020203465768,26.8185659839589,24.0116847631807,7.3972506889015,12.2336672046472,406.848484848485,33
"172",2008,"West",59.5013256117035,6.30715515801691,7.33764109316554,47.0191242525497,24.1222218129648,53.8272037622365,11.0311090512351,22.069232762233,9.8645533478649,43.7778707435508,50.7720992680045,17.6796692976558,14.8635021144037,18.9327870497704,21.3611713413113,408.466666666667,30
"173",2009,"Africa",20.9879135059114,103.632902079404,9.83368869345975,6.62128440708437,56.1030208591497,3.08977426336398,7.88735163373057,27.0584663433263,11.4193462773183,31.3331968365255,44.5788616187763,17.4781155191069,20.8514414469677,1.69960115823811,9.84608798921582,372.421052631579,19
"174",2009,"Asia",18.2032900428287,44.7978596045704,16.3761997391104,39.6779273446154,39.1109233825035,13.0163544847673,29.5256375673752,24.3910939361191,24.8998478560614,22.0280632268486,48.8309685181099,23.5106776596695,29.7350839358692,4.56111005762892,14.8931021788063,393.558139534884,43
"175",2009,"EECA",0.25060998685904,1.77245134330178,6.19259102181318,12.2286069915188,17.6771832233878,84.1852196869347,16.6727470283124,13.7497172914599,3.69071930328588,10.5758280476464,22.7281592693498,33.607626661265,40.1814795925511,2.36269320949921,9.12436734281496,275,3
"176",2009,"LA",1.03300668433389,7.70879863989521,1.99101780526734,26.7614322977803,10.3183847132968,19.9726686866228,27.7554540963588,50.3479832172457,11.2125095209071,9.23628854363882,15.837034960867,16.9573848197356,71.107492736465,15.5452547992348,1.96528847835075,287.75,4
"177",2009,"MENA",4.37415282341518,13.7551993977806,52.3986728457297,9.19740494400825,20.7681004932627,16.800251218313,15.4790059453458,28.3064406028768,51.4733211528574,11.0977036619195,35.4772243501239,49.8378305672834,45.0387097396122,8.92698414080365,9.60899811666798,372.54,50
"178",2009,"West",45.1544090386405,3.375612406927,9.1566192996419,46.3839293247933,30.7541956678179,32.2385826964218,6.31641636311614,9.2427323195727,10.9287594913566,52.8650911823068,54.0496253677086,20.7209220485237,23.5369577918635,12.9840530797997,30.6358439215097,388.34375,32
"179",2010,"Africa",15.6507091965866,28.3106311187833,22.1446076408538,39.8171920983245,56.8797892372186,23.7115987347121,73.8526855907961,22.4985645084166,58.2657180969773,17.4043953616923,57.6259276700626,14.7340462221371,41.3953251410587,11.4351690703045,15.2736403120757,499,12
"180",2010,"Asia",31.1389291657755,25.7231924565313,11.1365102494966,43.4663782697929,28.4587649103165,13.6046501306002,27.2038910780402,11.9517007608783,7.45450060194355,4.86929854095774,38.0460072524027,24.2744149384597,26.9932534787222,30.372422423088,14.3060857429946,339,29
"181",2010,"EECA",3.75727407961468,3.37478355103018,1.09120168903568,33.7863677924596,36.17061301511,65.405751284922,23.6766114394421,12.5090777947508,4.78006480908628,34.9677753158698,52.5186437206928,24.099446686211,50.6168358794532,36.8586105137718,13.3869424285502,397,5
"182",2010,"LA",3.84741159982981,35.4429584767453,2.65842985012057,13.5236157142301,25.4226549657433,14.6754445391469,12.1675261298518,54.412212112401,20.4401950893989,12.1177606779041,29.0777960982084,21.5257211273432,45.8472534072925,1.84005127978455,7.88985782088846,300.888888888889,18
"183",2010,"MENA",3.39820337517657,8.48953879814264,38.9302874546528,13.6816355656988,47.8996945478887,8.00475635649293,14.3206376078954,15.7868806899225,44.8606391813719,14.0060909099628,45.4754766980882,36.0622266256789,23.5340259900019,16.5347654481151,26.4253971611672,357.410256410256,39
"184",2010,"West",9.35129536398973,19.6632706556628,20.4452987834411,58.7537443331641,26.566124686916,13.2552665528419,3.02380327821986,8.73917588776067,7.04278493722105,28.6220983827075,39.4783276126449,26.0025894597521,24.9786124877777,37.933010181796,26.8529307294381,350.708333333333,48
"185",2011,"Africa",12.1965757855272,66.5366192161954,17.5751640909385,8.46645510215095,36.7027497710044,11.8277895981626,10.3530745152811,15.8924696892402,13.3522207894893,12.9181178865532,35.4632241964846,13.017909973225,35.8560733702435,3.3705097109488,8.88483940800352,302.413793103448,29
"186",2011,"Asia",11.3074512382255,20.3784544650336,2.55399138389821,35.0435213287863,22.4766162406788,11.4057231224881,22.7078604039164,29.8745897558694,4.43744383418983,22.7442896397929,51.1862792461039,15.7256865627399,18.3958669670199,9.14716890152755,19.0317235763963,296.416666666667,36
"187",2011,"EECA",10.0326699650605,5.24603547810142,12.3237770655863,16.1223160845793,26.0659933785855,62.2389458720179,14.4144652891721,26.0589469877559,24.917975221947,33.3752474345301,38.4713797874567,13.308736226848,32.8741423970063,4.8219997122313,36.1559405276932,356.428571428571,7
"188",2011,"LA",7.07545698736597,15.4043191156362,0.59733491680979,19.499283189046,24.0068936254982,21.4596989760192,14.4606700238254,46.1848769550388,11.5068645317358,13.8294099296926,37.9124939306658,16.9573192934398,7.87371417001784,66.0504980728389,5.38116628236952,308.2,15
"189",2011,"MENA",1.11849285769419,12.6606248607314,55.0458144408233,23.4700865007452,20.371736659632,4.15807055600002,9.63457434523112,28.5757222517589,35.3003027382777,15.3091304812991,46.6989237735328,47.9031340604003,33.8705961038247,4.8867798566541,7.87758946076376,346.881578947368,76
"190",2011,"West",24.9536037887829,3.62270528198734,6.24338695171455,37.3782104786028,16.6520545508741,9.88897253190611,4.60155692034202,17.5664025759006,7.02730760625746,19.4690365610558,39.1111898032896,16.6332408527851,19.168996553793,48.8653346120603,9.50765610306225,280.689655172414,58
"191",2012,"Africa",3.2703141679594,40.6960041427568,6.50420781829895,28.4294587064498,14.6751404162148,10.3286457099464,10.6143725391389,10.898694130932,9.12892759629666,3.84563433879452,31.1568391547701,22.9079650308345,24.503251022853,2.15617472690681,11.7791073399526,230.894736842105,19
"192",2012,"Asia",4.41605559776383,23.67308060679,8.05790062598509,36.4241048069682,24.6844428995719,7.14628058784377,20.489404782101,54.4052414664446,21.0925217669004,14.0261772475107,44.6315028398623,28.146811279738,19.6932286597305,11.7032299858814,11.8283175005031,330.418300653595,153
"193",2012,"EECA",8.74164262293319,12.2625617420388,17.2678361714924,3.57169585183002,25.4301223578736,27.4623258900563,14.1785044853122,55.179729079762,22.7398277541155,37.7154734081109,43.5428950269702,6.18121500936494,16.1324989325463,8.04400437411529,11.0496672934783,309.5,22
"194",2012,"LA",13.8435151787643,11.849246718289,0.938747506854529,17.7387036116528,20.247159688407,5.73177587652518,10.5770632529712,30.67606710057,8.82814895653621,4.64291781186639,36.1268495838764,13.0511222794975,30.8221799896967,23.7995843039009,13.5713625850362,242.444444444444,18
"195",2012,"MENA",1.91727581187165,8.11895770057542,32.7148942944725,25.5104268285196,26.6960964691079,9.45763090935715,8.45114255068449,37.7612960711772,34.3025514396613,5.66382168598909,34.8765155428382,40.8036228005109,18.2513811041912,18.6021931503093,9.18171745025802,312.309523809524,84
"196",2012,"West",21.5789044449336,15.0794420818995,8.47936827778829,45.6535264957634,11.4339283127836,17.5154709076453,14.2488442325751,19.7761205756723,6.73547708086122,26.1145235373193,34.9966410035621,27.8420934822801,26.5918998151799,20.4387909599508,15.0149687917856,311.5,84
"197",2013,"Africa",77.3508881570845,92.6913652698621,28.5449236733246,6.91434747311225,52.908861741504,1.78571548790873,10.0286999950398,36.7505329175413,17.6917283840673,2.34258738263997,62.0618068006503,12.4834929889314,10.4877674698381,3.10714249550522,3.69224502614822,418.842105263158,19
"198",2013,"Asia",6.10316095239289,20.6759851973302,8.63712818829122,32.9835585805137,33.0205252076004,10.2170397587115,18.7843266168418,94.5018359727456,11.6465839803874,16.8841914443907,41.2756016427277,42.0793140242363,22.8220503386947,3.60336046858284,7.00433133724482,370.238993710692,159
"199",2013,"EECA",1.44829275495564,2.84557849649979,9.00184443725489,18.0689887372791,18.1882028769461,3.34458093553496,18.8646400934566,47.1144067088745,21.7803091052173,10.8565814066974,43.9200940670163,15.3538126749177,17.4384672310137,71.8368460529108,13.7555362396071,313.818181818182,11
"200",2013,"LA",12.8572992573881,31.4852384206279,3.83210986761053,33.9007002297669,21.0944117288126,8.11170000293692,31.625558097096,53.959993538124,20.3333151119615,16.4231417305282,37.5729857380863,37.4909345898632,31.5442236405943,4.88254634962497,7.61917503031209,352.733333333333,15
"201",2013,"MENA",22.8623481419482,9.13191577405463,46.712312132254,19.9346352784481,14.0643384226125,5.65289845504254,3.96306290597262,31.6112971617748,41.507040189632,8.3630548439111,39.487943164914,48.2105437460231,33.9549526141667,10.4890892007388,4.22698176161037,340.172413793103,58
"202",2013,"West",17.9292218558222,10.0425042267189,6.11425002837114,36.765515088526,18.4417293046131,18.1712200182499,7.96613538495906,35.5304281057003,13.2895572160618,29.0987246395293,44.3328497145115,33.7356035719001,25.8733635397364,19.5775708415313,3.93901877146142,320.807692307692,52
"203",2014,"Africa",11.4739545896003,41.5530380314684,9.81020815857113,14.0835983060707,40.6538250830317,4.83510013505888,3.78799742257968,42.8544327406309,32.3361142406398,16.651699519385,52.6482943007457,12.2267474300012,27.4701188835499,3.98816043795219,20.7100440540479,335.083333333333,12
"204",2014,"Asia",9.92074363871241,30.5490712748718,5.46029058768964,35.4787495506685,30.8117247456473,53.5114026476061,21.6420190442177,55.2147603889519,9.10131085779108,12.1905562807686,41.5825946792668,29.6236387737568,23.8074152054212,3.52687064333094,10.4604306286676,372.881578947368,76
"205",2014,"EECA",18.3614586195228,6.00708729659456,8.195717668185,4.27066945163869,26.2112077225592,19.2061864364449,6.35607600871732,29.9415411759485,41.5401031526256,65.7208674968902,76.8531759376483,8.00383418297618,34.4116792355133,121.304469627721,21.0159259870143,487.4,5
"206",2014,"LA",0.549776168299082,9.17471283894242,1.87735946521216,26.7314695210955,50.9841762628837,2.49898520648459,32.3688420785017,41.8336378730349,19.82593340951,15.8539463968633,24.4820435390081,30.4692514931031,18.1802098024314,1.34007118018013,9.82958476444978,286,4
"207",2014,"MENA",1.08446897343022,11.9404286085533,47.3989198609964,24.5677108678154,50.665884895807,3.49273823775091,6.56102949835079,33.3439832341415,38.9127921480571,8.85774401321766,37.7204372913498,42.5490244514879,32.1208988171261,1.04958772365591,3.82006566397431,344.085714285714,35
"208",2014,"West",45.3891958528344,10.9466799536191,6.35229764188831,34.4420890188571,17.6768109431676,18.428837870326,2.2406471791284,6.16362204179454,3.89262951713243,28.8319403774739,36.0792518212964,25.1045418245417,20.82250121244,25.57400565246,29.7968845769109,311.741935483871,31
